violation_id,cafe_id,day,timestamp,region,violation_type,severity,threshold,actual_value,details
1,CAFE_DELHI_001,Saturday,2025-11-01T05:00:00,lobby,Dining Area Movement in Off Hours (Night),High,No movement 11 PM-5 AM,1 movements,Unauthorized movement in dining area at 05:00 night
2,CAFE_DELHI_001,Saturday,2025-11-01T05:00:00,lobby,Dining Area Movement in Off Hours (Morning),High,No movement 5-7 AM,1 movements,Unauthorized movement in dining area at 05:00 morning
3,CAFE_DELHI_001,Saturday,2025-11-01T08:00:00,parking,Parking Full,Medium,Vacancy > 10%,Vacancy = 2.0%,Parking area near capacity at 08:00
4,CAFE_DELHI_001,Saturday,2025-11-01T08:00:00,lobby,Queue Too Long,Medium,Max queue length < 8,Max queue = 10,Customer queue exceeded limit at 08:00
5,CAFE_DELHI_001,Saturday,2025-11-01T08:00:00,parking,No Space,High,Vacancy > 5%,Vacancy = 2.0%,Parking area completely full at 08:00
6,CAFE_DELHI_001,Saturday,2025-11-01T09:00:00,lobby,Queue Too Long,Medium,Max queue length < 8,Max queue = 12,Customer queue exceeded limit at 09:00
7,CAFE_DELHI_001,Saturday,2025-11-01T09:00:00,parking,No Space,High,Vacancy > 5%,Vacancy = 2.0%,Parking area completely full at 09:00
8,CAFE_DELHI_001,Saturday,2025-11-01T09:00:00,parking,Parking Full,Medium,Vacancy > 10%,Vacancy = 2.0%,Parking area near capacity at 09:00
9,CAFE_DELHI_001,Saturday,2025-11-01T10:00:00,parking,Parking Full,Medium,Vacancy > 10%,Vacancy = 2.0%,Parking area near capacity at 10:00
10,CAFE_DELHI_001,Saturday,2025-11-01T10:00:00,lobby,Queue Too Long,Medium,Max queue length < 8,Max queue = 18,Customer queue exceeded limit at 10:00
11,CAFE_DELHI_001,Saturday,2025-11-01T10:00:00,parking,No Space,High,Vacancy > 5%,Vacancy = 2.0%,Parking area completely full at 10:00
12,CAFE_DELHI_001,Saturday,2025-11-01T12:00:00,parking,Parking Full,Medium,Vacancy > 10%,Vacancy = 2.0%,Parking area near capacity at 12:00
13,CAFE_DELHI_001,Saturday,2025-11-01T12:00:00,parking,No Space,High,Vacancy > 5%,Vacancy = 2.0%,Parking area completely full at 12:00
14,CAFE_DELHI_001,Saturday,2025-11-01T12:00:00,lobby,Queue Too Long,Medium,Max queue length < 8,Max queue = 16,Customer queue exceeded limit at 12:00
15,CAFE_DELHI_001,Saturday,2025-11-01T13:00:00,parking,Parking Full,Medium,Vacancy > 10%,Vacancy = 2.0%,Parking area near capacity at 13:00
16,CAFE_DELHI_001,Saturday,2025-11-01T13:00:00,lobby,Queue Too Long,Medium,Max queue length < 8,Max queue = 14,Customer queue exceeded limit at 13:00
17,CAFE_DELHI_001,Saturday,2025-11-01T13:00:00,parking,No Space,High,Vacancy > 5%,Vacancy = 2.0%,Parking area completely full at 13:00
18,CAFE_DELHI_001,Saturday,2025-11-01T13:00:00,kitchen,Low Handwash Activity in Peak Hours,Medium,Min 3 handwashes per worker in peak hours,11/9 = 1.2 per worker,Handwash compliance below standard during peak hour (13:00)
19,CAFE_DELHI_001,Saturday,2025-11-01T14:00:00,parking,Parking Full,Medium,Vacancy > 10%,Vacancy = 2.0%,Parking area near capacity at 14:00
20,CAFE_DELHI_001,Saturday,2025-11-01T14:00:00,lobby,Queue Too Long,Medium,Max queue length < 8,Max queue = 10,Customer queue exceeded limit at 14:00
21,CAFE_DELHI_001,Saturday,2025-11-01T14:00:00,parking,No Space,High,Vacancy > 5%,Vacancy = 2.0%,Parking area completely full at 14:00
22,CAFE_DELHI_001,Saturday,2025-11-01T15:00:00,lobby,Queue Too Long,Medium,Max queue length < 8,Max queue = 10,Customer queue exceeded limit at 15:00
23,CAFE_DELHI_001,Saturday,2025-11-01T15:00:00,parking,Parking Full,Medium,Vacancy > 10%,Vacancy = 2.0%,Parking area near capacity at 15:00
24,CAFE_DELHI_001,Saturday,2025-11-01T15:00:00,parking,No Space,High,Vacancy > 5%,Vacancy = 2.0%,Parking area completely full at 15:00
25,CAFE_DELHI_001,Saturday,2025-11-01T16:00:00,parking,Parking Full,Medium,Vacancy > 10%,Vacancy = 2.0%,Parking area near capacity at 16:00
26,CAFE_DELHI_001,Saturday,2025-11-01T16:00:00,parking,No Space,High,Vacancy > 5%,Vacancy = 2.0%,Parking area completely full at 16:00
27,CAFE_DELHI_001,Saturday,2025-11-01T16:00:00,lobby,Queue Too Long,Medium,Max queue length < 8,Max queue = 18,Customer queue exceeded limit at 16:00
28,CAFE_DELHI_001,Saturday,2025-11-01T17:00:00,parking,No Space,High,Vacancy > 5%,Vacancy = 2.0%,Parking area completely full at 17:00
29,CAFE_DELHI_001,Saturday,2025-11-01T17:00:00,parking,Parking Full,Medium,Vacancy > 10%,Vacancy = 2.0%,Parking area near capacity at 17:00
30,CAFE_DELHI_001,Saturday,2025-11-01T18:00:00,parking,No Space,High,Vacancy > 5%,Vacancy = 2.0%,Parking area completely full at 18:00
31,CAFE_DELHI_001,Saturday,2025-11-01T18:00:00,parking,Parking Full,Medium,Vacancy > 10%,Vacancy = 2.0%,Parking area near capacity at 18:00
32,CAFE_DELHI_001,Saturday,2025-11-01T19:00:00,parking,Parking Full,Medium,Vacancy > 10%,Vacancy = 2.0%,Parking area near capacity at 19:00
33,CAFE_DELHI_001,Saturday,2025-11-01T19:00:00,parking,No Space,High,Vacancy > 5%,Vacancy = 2.0%,Parking area completely full at 19:00
34,CAFE_DELHI_001,Saturday,2025-11-01T19:00:00,kitchen,Low Handwash Activity in Peak Hours,Medium,Min 3 handwashes per worker in peak hours,5/6 = 0.8 per worker,Handwash compliance below standard during peak hour (19:00)
35,CAFE_DELHI_001,Saturday,2025-11-01T19:00:00,lobby,Queue Too Long,Medium,Max queue length < 8,Max queue = 14,Customer queue exceeded limit at 19:00
36,CAFE_DELHI_001,Saturday,2025-11-01T20:00:00,parking,Parking Full,Medium,Vacancy > 10%,Vacancy = 2.0%,Parking area near capacity at 20:00
37,CAFE_DELHI_001,Saturday,2025-11-01T20:00:00,parking,No Space,High,Vacancy > 5%,Vacancy = 2.0%,Parking area completely full at 20:00
38,CAFE_DELHI_001,Saturday,2025-11-01T21:00:00,lobby,Queue Too Long,Medium,Max queue length < 8,Max queue = 14,Customer queue exceeded limit at 21:00
39,CAFE_DELHI_001,Saturday,2025-11-01T21:00:00,parking,No Space,High,Vacancy > 5%,Vacancy = 2.0%,Parking area completely full at 21:00
40,CAFE_DELHI_001,Saturday,2025-11-01T21:00:00,parking,Parking Full,Medium,Vacancy > 10%,Vacancy = 2.0%,Parking area near capacity at 21:00
41,CAFE_DELHI_001,Saturday,2025-11-01T22:00:00,parking,Parking Full,Medium,Vacancy > 10%,Vacancy = 2.0%,Parking area near capacity at 22:00
42,CAFE_DELHI_001,Saturday,2025-11-01T22:00:00,parking,No Space,High,Vacancy > 5%,Vacancy = 2.0%,Parking area completely full at 22:00
43,CAFE_DELHI_001,Saturday,2025-11-01T22:00:00,lobby,Queue Too Long,Medium,Max queue length < 8,Max queue = 12,Customer queue exceeded limit at 22:00
44,CAFE_DELHI_001,Saturday,2025-11-01T23:00:00,parking,Parking Full,Medium,Vacancy > 10%,Vacancy = 2.0%,Parking area near capacity at 23:00
45,CAFE_DELHI_001,Saturday,2025-11-01T23:00:00,parking,No Space,High,Vacancy > 5%,Vacancy = 2.0%,Parking area completely full at 23:00
46,CAFE_DELHI_001,Sunday,2025-11-02T00:00:00,kitchen,Kitchen Movement Off hours (Night),High,No movement 11 PM-5 AM,1 movements,Unauthorized movement detected at 00:00 in night hours
47,CAFE_DELHI_001,Sunday,2025-11-02T03:00:00,kitchen,Kitchen Movement Off hours (Night),High,No movement 11 PM-5 AM,2 movements,Unauthorized movement detected at 03:00 in night hours
48,CAFE_DELHI_001,Sunday,2025-11-02T04:00:00,kitchen,Kitchen Movement Off hours (Night),High,No movement 11 PM-5 AM,1 movements,Unauthorized movement detected at 04:00 in night hours
49,CAFE_DELHI_001,Sunday,2025-11-02T08:00:00,lobby,Queue Too Long,Medium,Max queue length < 8,Max queue = 16,Customer queue exceeded limit at 08:00
50,CAFE_DELHI_001,Sunday,2025-11-02T08:00:00,parking,Parking Full,Medium,Vacancy > 10%,Vacancy = 2.0%,Parking area near capacity at 08:00
51,CAFE_DELHI_001,Sunday,2025-11-02T08:00:00,parking,No Space,High,Vacancy > 5%,Vacancy = 2.0%,Parking area completely full at 08:00
52,CAFE_DELHI_001,Sunday,2025-11-02T09:00:00,parking,No Space,High,Vacancy > 5%,Vacancy = 2.0%,Parking area completely full at 09:00
53,CAFE_DELHI_001,Sunday,2025-11-02T09:00:00,parking,Parking Full,Medium,Vacancy > 10%,Vacancy = 2.0%,Parking area near capacity at 09:00
54,CAFE_DELHI_001,Sunday,2025-11-02T10:00:00,parking,No Space,High,Vacancy > 5%,Vacancy = 2.0%,Parking area completely full at 10:00
55,CAFE_DELHI_001,Sunday,2025-11-02T10:00:00,parking,Parking Full,Medium,Vacancy > 10%,Vacancy = 2.0%,Parking area near capacity at 10:00
56,CAFE_DELHI_001,Sunday,2025-11-02T12:00:00,parking,Parking Full,Medium,Vacancy > 10%,Vacancy = 2.0%,Parking area near capacity at 12:00
57,CAFE_DELHI_001,Sunday,2025-11-02T12:00:00,parking,No Space,High,Vacancy > 5%,Vacancy = 2.0%,Parking area completely full at 12:00
58,CAFE_DELHI_001,Sunday,2025-11-02T12:00:00,kitchen,Low Handwash Activity in Peak Hours,Medium,Min 3 handwashes per worker in peak hours,11/7 = 1.6 per worker,Handwash compliance below standard during peak hour (12:00)
59,CAFE_DELHI_001,Sunday,2025-11-02T13:00:00,parking,Parking Full,Medium,Vacancy > 10%,Vacancy = 2.0%,Parking area near capacity at 13:00
60,CAFE_DELHI_001,Sunday,2025-11-02T13:00:00,lobby,Queue Too Long,Medium,Max queue length < 8,Max queue = 20,Customer queue exceeded limit at 13:00
61,CAFE_DELHI_001,Sunday,2025-11-02T13:00:00,parking,No Space,High,Vacancy > 5%,Vacancy = 2.0%,Parking area completely full at 13:00
62,CAFE_DELHI_001,Sunday,2025-11-02T13:00:00,kitchen,Low Handwash Activity in Peak Hours,Medium,Min 3 handwashes per worker in peak hours,13/6 = 2.2 per worker,Handwash compliance below standard during peak hour (13:00)
63,CAFE_DELHI_001,Sunday,2025-11-02T14:00:00,parking,No Space,High,Vacancy > 5%,Vacancy = 2.0%,Parking area completely full at 14:00
64,CAFE_DELHI_001,Sunday,2025-11-02T14:00:00,parking,Parking Full,Medium,Vacancy > 10%,Vacancy = 2.0%,Parking area near capacity at 14:00
65,CAFE_DELHI_001,Sunday,2025-11-02T15:00:00,parking,No Space,High,Vacancy > 5%,Vacancy = 2.0%,Parking area completely full at 15:00
66,CAFE_DELHI_001,Sunday,2025-11-02T15:00:00,parking,Parking Full,Medium,Vacancy > 10%,Vacancy = 2.0%,Parking area near capacity at 15:00
67,CAFE_DELHI_001,Sunday,2025-11-02T15:00:00,lobby,Queue Too Long,Medium,Max queue length < 8,Max queue = 12,Customer queue exceeded limit at 15:00
68,CAFE_DELHI_001,Sunday,2025-11-02T16:00:00,parking,No Space,High,Vacancy > 5%,Vacancy = 2.0%,Parking area completely full at 16:00
69,CAFE_DELHI_001,Sunday,2025-11-02T16:00:00,parking,Parking Full,Medium,Vacancy > 10%,Vacancy = 2.0%,Parking area near capacity at 16:00
70,CAFE_DELHI_001,Sunday,2025-11-02T16:00:00,lobby,Queue Too Long,Medium,Max queue length < 8,Max queue = 15,Customer queue exceeded limit at 16:00
71,CAFE_DELHI_001,Sunday,2025-11-02T17:00:00,parking,No Space,High,Vacancy > 5%,Vacancy = 2.0%,Parking area completely full at 17:00
72,CAFE_DELHI_001,Sunday,2025-11-02T17:00:00,parking,Parking Full,Medium,Vacancy > 10%,Vacancy = 2.0%,Parking area near capacity at 17:00
73,CAFE_DELHI_001,Sunday,2025-11-02T18:00:00,lobby,Queue Too Long,Medium,Max queue length < 8,Max queue = 15,Customer queue exceeded limit at 18:00
74,CAFE_DELHI_001,Sunday,2025-11-02T18:00:00,parking,Parking Full,Medium,Vacancy > 10%,Vacancy = 2.0%,Parking area near capacity at 18:00
75,CAFE_DELHI_001,Sunday,2025-11-02T18:00:00,parking,No Space,High,Vacancy > 5%,Vacancy = 2.0%,Parking area completely full at 18:00
76,CAFE_DELHI_001,Sunday,2025-11-02T18:00:00,kitchen,Low Handwash Activity in Peak Hours,Medium,Min 3 handwashes per worker in peak hours,7/6 = 1.2 per worker,Handwash compliance below standard during peak hour (18:00)
77,CAFE_DELHI_001,Sunday,2025-11-02T19:00:00,parking,No Space,High,Vacancy > 5%,Vacancy = 2.0%,Parking area completely full at 19:00
78,CAFE_DELHI_001,Sunday,2025-11-02T19:00:00,lobby,Queue Too Long,Medium,Max queue length < 8,Max queue = 13,Customer queue exceeded limit at 19:00
79,CAFE_DELHI_001,Sunday,2025-11-02T19:00:00,kitchen,Low Handwash Activity in Peak Hours,Medium,Min 3 handwashes per worker in peak hours,11/8 = 1.4 per worker,Handwash compliance below standard during peak hour (19:00)
80,CAFE_DELHI_001,Sunday,2025-11-02T19:00:00,parking,Parking Full,Medium,Vacancy > 10%,Vacancy = 2.0%,Parking area near capacity at 19:00
81,CAFE_DELHI_001,Sunday,2025-11-02T20:00:00,lobby,Queue Too Long,Medium,Max queue length < 8,Max queue = 18,Customer queue exceeded limit at 20:00
82,CAFE_DELHI_001,Sunday,2025-11-02T20:00:00,parking,No Space,High,Vacancy > 5%,Vacancy = 2.0%,Parking area completely full at 20:00
83,CAFE_DELHI_001,Sunday,2025-11-02T20:00:00,parking,Parking Full,Medium,Vacancy > 10%,Vacancy = 2.0%,Parking area near capacity at 20:00
84,CAFE_DELHI_001,Sunday,2025-11-02T21:00:00,parking,Parking Full,Medium,Vacancy > 10%,Vacancy = 2.0%,Parking area near capacity at 21:00
85,CAFE_DELHI_001,Sunday,2025-11-02T21:00:00,lobby,Queue Too Long,Medium,Max queue length < 8,Max queue = 14,Customer queue exceeded limit at 21:00
86,CAFE_DELHI_001,Sunday,2025-11-02T21:00:00,parking,No Space,High,Vacancy > 5%,Vacancy = 2.0%,Parking area completely full at 21:00
87,CAFE_DELHI_001,Sunday,2025-11-02T22:00:00,parking,Parking Full,Medium,Vacancy > 10%,Vacancy = 2.0%,Parking area near capacity at 22:00
88,CAFE_DELHI_001,Sunday,2025-11-02T22:00:00,parking,No Space,High,Vacancy > 5%,Vacancy = 2.0%,Parking area completely full at 22:00
89,CAFE_DELHI_001,Sunday,2025-11-02T23:00:00,parking,No Space,High,Vacancy > 5%,Vacancy = 3.4%,Parking area completely full at 23:00
90,CAFE_DELHI_001,Sunday,2025-11-02T23:00:00,parking,Parking Full,Medium,Vacancy > 10%,Vacancy = 3.4%,Parking area near capacity at 23:00
91,CAFE_DELHI_001,Monday,2025-11-03T08:00:00,lobby,Queue Too Long,Medium,Max queue length < 8,Max queue = 11,Customer queue exceeded limit at 08:00
92,CAFE_DELHI_001,Monday,2025-11-03T08:00:00,parking,No Space,High,Vacancy > 5%,Vacancy = 2.0%,Parking area completely full at 08:00
93,CAFE_DELHI_001,Monday,2025-11-03T08:00:00,parking,Parking Full,Medium,Vacancy > 10%,Vacancy = 2.0%,Parking area near capacity at 08:00
94,CAFE_DELHI_001,Monday,2025-11-03T09:00:00,parking,Parking Full,Medium,Vacancy > 10%,Vacancy = 2.0%,Parking area near capacity at 09:00
95,CAFE_DELHI_001,Monday,2025-11-03T09:00:00,parking,No Space,High,Vacancy > 5%,Vacancy = 2.0%,Parking area completely full at 09:00
96,CAFE_DELHI_001,Monday,2025-11-03T09:00:00,lobby,Queue Too Long,Medium,Max queue length < 8,Max queue = 11,Customer queue exceeded limit at 09:00
97,CAFE_DELHI_001,Monday,2025-11-03T10:00:00,lobby,Queue Too Long,Medium,Max queue length < 8,Max queue = 12,Customer queue exceeded limit at 10:00
98,CAFE_DELHI_001,Monday,2025-11-03T10:00:00,parking,No Space,High,Vacancy > 5%,Vacancy = 2.0%,Parking area completely full at 10:00
99,CAFE_DELHI_001,Monday,2025-11-03T10:00:00,parking,Parking Full,Medium,Vacancy > 10%,Vacancy = 2.0%,Parking area near capacity at 10:00
100,CAFE_DELHI_001,Monday,2025-11-03T12:00:00,parking,No Space,High,Vacancy > 5%,Vacancy = 2.0%,Parking area completely full at 12:00
101,CAFE_DELHI_001,Monday,2025-11-03T12:00:00,parking,Parking Full,Medium,Vacancy > 10%,Vacancy = 2.0%,Parking area near capacity at 12:00
102,CAFE_DELHI_001,Monday,2025-11-03T12:00:00,lobby,Queue Too Long,Medium,Max queue length < 8,Max queue = 10,Customer queue exceeded limit at 12:00
103,CAFE_DELHI_001,Monday,2025-11-03T13:00:00,lobby,Queue Too Long,Medium,Max queue length < 8,Max queue = 10,Customer queue exceeded limit at 13:00
104,CAFE_DELHI_001,Monday,2025-11-03T13:00:00,parking,Parking Full,Medium,Vacancy > 10%,Vacancy = 2.0%,Parking area near capacity at 13:00
105,CAFE_DELHI_001,Monday,2025-11-03T13:00:00,parking,No Space,High,Vacancy > 5%,Vacancy = 2.0%,Parking area completely full at 13:00
106,CAFE_DELHI_001,Monday,2025-11-03T14:00:00,parking,Parking Full,Medium,Vacancy > 10%,Vacancy = 2.0%,Parking area near capacity at 14:00
107,CAFE_DELHI_001,Monday,2025-11-03T14:00:00,parking,No Space,High,Vacancy > 5%,Vacancy = 2.0%,Parking area completely full at 14:00
108,CAFE_DELHI_001,Monday,2025-11-03T14:00:00,lobby,Queue Too Long,Medium,Max queue length < 8,Max queue = 15,Customer queue exceeded limit at 14:00
109,CAFE_DELHI_001,Monday,2025-11-03T15:00:00,lobby,Queue Too Long,Medium,Max queue length < 8,Max queue = 16,Customer queue exceeded limit at 15:00
110,CAFE_DELHI_001,Monday,2025-11-03T15:00:00,parking,Parking Full,Medium,Vacancy > 10%,Vacancy = 2.0%,Parking area near capacity at 15:00
111,CAFE_DELHI_001,Monday,2025-11-03T15:00:00,parking,No Space,High,Vacancy > 5%,Vacancy = 2.0%,Parking area completely full at 15:00
112,CAFE_DELHI_001,Monday,2025-11-03T16:00:00,parking,No Space,High,Vacancy > 5%,Vacancy = 2.0%,Parking area completely full at 16:00
113,CAFE_DELHI_001,Monday,2025-11-03T16:00:00,parking,Parking Full,Medium,Vacancy > 10%,Vacancy = 2.0%,Parking area near capacity at 16:00
114,CAFE_DELHI_001,Monday,2025-11-03T17:00:00,lobby,Queue Too Long,Medium,Max queue length < 8,Max queue = 10,Customer queue exceeded limit at 17:00
115,CAFE_DELHI_001,Monday,2025-11-03T17:00:00,parking,Parking Full,Medium,Vacancy > 10%,Vacancy = 2.0%,Parking area near capacity at 17:00
116,CAFE_DELHI_001,Monday,2025-11-03T17:00:00,parking,No Space,High,Vacancy > 5%,Vacancy = 2.0%,Parking area completely full at 17:00
117,CAFE_DELHI_001,Monday,2025-11-03T18:00:00,kitchen,Low Handwash Activity in Peak Hours,Medium,Min 3 handwashes per worker in peak hours,5/4 = 1.2 per worker,Handwash compliance below standard during peak hour (18:00)
118,CAFE_DELHI_001,Monday,2025-11-03T18:00:00,parking,Parking Full,Medium,Vacancy > 10%,Vacancy = 2.0%,Parking area near capacity at 18:00
119,CAFE_DELHI_001,Monday,2025-11-03T18:00:00,parking,No Space,High,Vacancy > 5%,Vacancy = 2.0%,Parking area completely full at 18:00
120,CAFE_DELHI_001,Monday,2025-11-03T19:00:00,parking,Parking Full,Medium,Vacancy > 10%,Vacancy = 2.0%,Parking area near capacity at 19:00
121,CAFE_DELHI_001,Monday,2025-11-03T19:00:00,parking,No Space,High,Vacancy > 5%,Vacancy = 2.0%,Parking area completely full at 19:00
122,CAFE_DELHI_001,Monday,2025-11-03T19:00:00,lobby,Queue Too Long,Medium,Max queue length < 8,Max queue = 17,Customer queue exceeded limit at 19:00
123,CAFE_DELHI_001,Monday,2025-11-03T20:00:00,lobby,Queue Too Long,Medium,Max queue length < 8,Max queue = 9,Customer queue exceeded limit at 20:00
124,CAFE_DELHI_001,Monday,2025-11-03T20:00:00,parking,Parking Full,Medium,Vacancy > 10%,Vacancy = 2.0%,Parking area near capacity at 20:00
125,CAFE_DELHI_001,Monday,2025-11-03T20:00:00,parking,No Space,High,Vacancy > 5%,Vacancy = 2.0%,Parking area completely full at 20:00
126,CAFE_DELHI_001,Monday,2025-11-03T20:00:00,kitchen,Low Handwash Activity in Peak Hours,Medium,Min 3 handwashes per worker in peak hours,13/8 = 1.6 per worker,Handwash compliance below standard during peak hour (20:00)
127,CAFE_DELHI_001,Monday,2025-11-03T21:00:00,lobby,Queue Too Long,Medium,Max queue length < 8,Max queue = 14,Customer queue exceeded limit at 21:00
128,CAFE_DELHI_001,Monday,2025-11-03T21:00:00,parking,Parking Full,Medium,Vacancy > 10%,Vacancy = 2.0%,Parking area near capacity at 21:00
129,CAFE_DELHI_001,Monday,2025-11-03T21:00:00,parking,No Space,High,Vacancy > 5%,Vacancy = 2.0%,Parking area completely full at 21:00
130,CAFE_DELHI_001,Monday,2025-11-03T22:00:00,parking,No Space,High,Vacancy > 5%,Vacancy = 2.0%,Parking area completely full at 22:00
131,CAFE_DELHI_001,Monday,2025-11-03T22:00:00,lobby,Queue Too Long,Medium,Max queue length < 8,Max queue = 11,Customer queue exceeded limit at 22:00
132,CAFE_DELHI_001,Monday,2025-11-03T22:00:00,parking,Parking Full,Medium,Vacancy > 10%,Vacancy = 2.0%,Parking area near capacity at 22:00
133,CAFE_DELHI_001,Tuesday,2025-11-04T04:00:00,lobby,Dining Area Movement in Off Hours (Night),High,No movement 11 PM-5 AM,1 movements,Unauthorized movement in dining area at 04:00 night
134,CAFE_DELHI_001,Tuesday,2025-11-04T08:00:00,parking,Parking Full,Medium,Vacancy > 10%,Vacancy = 2.0%,Parking area near capacity at 08:00
135,CAFE_DELHI_001,Tuesday,2025-11-04T08:00:00,parking,No Space,High,Vacancy > 5%,Vacancy = 2.0%,Parking area completely full at 08:00
136,CAFE_DELHI_001,Tuesday,2025-11-04T09:00:00,lobby,Queue Too Long,Medium,Max queue length < 8,Max queue = 11,Customer queue exceeded limit at 09:00
137,CAFE_DELHI_001,Tuesday,2025-11-04T09:00:00,parking,No Space,High,Vacancy > 5%,Vacancy = 2.0%,Parking area completely full at 09:00
138,CAFE_DELHI_001,Tuesday,2025-11-04T09:00:00,parking,Parking Full,Medium,Vacancy > 10%,Vacancy = 2.0%,Parking area near capacity at 09:00
139,CAFE_DELHI_001,Tuesday,2025-11-04T10:00:00,parking,No Space,High,Vacancy > 5%,Vacancy = 2.0%,Parking area completely full at 10:00
140,CAFE_DELHI_001,Tuesday,2025-11-04T10:00:00,parking,Parking Full,Medium,Vacancy > 10%,Vacancy = 2.0%,Parking area near capacity at 10:00
141,CAFE_DELHI_001,Tuesday,2025-11-04T10:00:00,lobby,Queue Too Long,Medium,Max queue length < 8,Max queue = 10,Customer queue exceeded limit at 10:00
142,CAFE_DELHI_001,Tuesday,2025-11-04T12:00:00,parking,No Space,High,Vacancy > 5%,Vacancy = 2.0%,Parking area completely full at 12:00
143,CAFE_DELHI_001,Tuesday,2025-11-04T12:00:00,parking,Parking Full,Medium,Vacancy > 10%,Vacancy = 2.0%,Parking area near capacity at 12:00
144,CAFE_DELHI_001,Tuesday,2025-11-04T12:00:00,lobby,Queue Too Long,Medium,Max queue length < 8,Max queue = 22,Customer queue exceeded limit at 12:00
145,CAFE_DELHI_001,Tuesday,2025-11-04T13:00:00,lobby,Queue Too Long,Medium,Max queue length < 8,Max queue = 11,Customer queue exceeded limit at 13:00
146,CAFE_DELHI_001,Tuesday,2025-11-04T13:00:00,parking,No Space,High,Vacancy > 5%,Vacancy = 2.0%,Parking area completely full at 13:00
147,CAFE_DELHI_001,Tuesday,2025-11-04T13:00:00,kitchen,Low Handwash Activity in Peak Hours,Medium,Min 3 handwashes per worker in peak hours,15/7 = 2.1 per worker,Handwash compliance below standard during peak hour (13:00)
148,CAFE_DELHI_001,Tuesday,2025-11-04T13:00:00,parking,Parking Full,Medium,Vacancy > 10%,Vacancy = 2.0%,Parking area near capacity at 13:00
149,CAFE_DELHI_001,Tuesday,2025-11-04T14:00:00,parking,No Space,High,Vacancy > 5%,Vacancy = 2.0%,Parking area completely full at 14:00
150,CAFE_DELHI_001,Tuesday,2025-11-04T14:00:00,lobby,Queue Too Long,Medium,Max queue length < 8,Max queue = 15,Customer queue exceeded limit at 14:00
151,CAFE_DELHI_001,Tuesday,2025-11-04T14:00:00,parking,Parking Full,Medium,Vacancy > 10%,Vacancy = 2.0%,Parking area near capacity at 14:00
152,CAFE_DELHI_001,Tuesday,2025-11-04T15:00:00,lobby,Queue Too Long,Medium,Max queue length < 8,Max queue = 14,Customer queue exceeded limit at 15:00
153,CAFE_DELHI_001,Tuesday,2025-11-04T15:00:00,parking,No Space,High,Vacancy > 5%,Vacancy = 2.0%,Parking area completely full at 15:00
154,CAFE_DELHI_001,Tuesday,2025-11-04T15:00:00,parking,Parking Full,Medium,Vacancy > 10%,Vacancy = 2.0%,Parking area near capacity at 15:00
155,CAFE_DELHI_001,Tuesday,2025-11-04T16:00:00,parking,No Space,High,Vacancy > 5%,Vacancy = 2.0%,Parking area completely full at 16:00
156,CAFE_DELHI_001,Tuesday,2025-11-04T16:00:00,parking,Parking Full,Medium,Vacancy > 10%,Vacancy = 2.0%,Parking area near capacity at 16:00
157,CAFE_DELHI_001,Tuesday,2025-11-04T16:00:00,lobby,Queue Too Long,Medium,Max queue length < 8,Max queue = 9,Customer queue exceeded limit at 16:00
158,CAFE_DELHI_001,Tuesday,2025-11-04T17:00:00,parking,Parking Full,Medium,Vacancy > 10%,Vacancy = 4.1%,Parking area near capacity at 17:00
159,CAFE_DELHI_001,Tuesday,2025-11-04T17:00:00,parking,No Space,High,Vacancy > 5%,Vacancy = 4.1%,Parking area completely full at 17:00
160,CAFE_DELHI_001,Tuesday,2025-11-04T18:00:00,lobby,Queue Too Long,Medium,Max queue length < 8,Max queue = 16,Customer queue exceeded limit at 18:00
161,CAFE_DELHI_001,Tuesday,2025-11-04T18:00:00,parking,Parking Full,Medium,Vacancy > 10%,Vacancy = 2.0%,Parking area near capacity at 18:00
162,CAFE_DELHI_001,Tuesday,2025-11-04T18:00:00,parking,No Space,High,Vacancy > 5%,Vacancy = 2.0%,Parking area completely full at 18:00
163,CAFE_DELHI_001,Tuesday,2025-11-04T19:00:00,kitchen,Low Handwash Activity in Peak Hours,Medium,Min 3 handwashes per worker in peak hours,7/4 = 1.8 per worker,Handwash compliance below standard during peak hour (19:00)
164,CAFE_DELHI_001,Tuesday,2025-11-04T19:00:00,parking,Parking Full,Medium,Vacancy > 10%,Vacancy = 2.0%,Parking area near capacity at 19:00
165,CAFE_DELHI_001,Tuesday,2025-11-04T19:00:00,parking,No Space,High,Vacancy > 5%,Vacancy = 2.0%,Parking area completely full at 19:00
166,CAFE_DELHI_001,Tuesday,2025-11-04T20:00:00,parking,Parking Full,Medium,Vacancy > 10%,Vacancy = 2.0%,Parking area near capacity at 20:00
167,CAFE_DELHI_001,Tuesday,2025-11-04T20:00:00,kitchen,Low Handwash Activity in Peak Hours,Medium,Min 3 handwashes per worker in peak hours,7/3 = 2.3 per worker,Handwash compliance below standard during peak hour (20:00)
168,CAFE_DELHI_001,Tuesday,2025-11-04T20:00:00,lobby,Queue Too Long,Medium,Max queue length < 8,Max queue = 17,Customer queue exceeded limit at 20:00
169,CAFE_DELHI_001,Tuesday,2025-11-04T20:00:00,parking,No Space,High,Vacancy > 5%,Vacancy = 2.0%,Parking area completely full at 20:00
170,CAFE_DELHI_001,Tuesday,2025-11-04T21:00:00,parking,No Space,High,Vacancy > 5%,Vacancy = 2.0%,Parking area completely full at 21:00
171,CAFE_DELHI_001,Tuesday,2025-11-04T21:00:00,parking,Parking Full,Medium,Vacancy > 10%,Vacancy = 2.0%,Parking area near capacity at 21:00
172,CAFE_DELHI_001,Tuesday,2025-11-04T22:00:00,parking,Parking Full,Medium,Vacancy > 10%,Vacancy = 2.0%,Parking area near capacity at 22:00
173,CAFE_DELHI_001,Tuesday,2025-11-04T22:00:00,lobby,Queue Too Long,Medium,Max queue length < 8,Max queue = 17,Customer queue exceeded limit at 22:00
174,CAFE_DELHI_001,Tuesday,2025-11-04T22:00:00,parking,No Space,High,Vacancy > 5%,Vacancy = 2.0%,Parking area completely full at 22:00
175,CAFE_DELHI_001,Wednesday,2025-11-05T01:00:00,kitchen,Kitchen Movement Off hours (Night),High,No movement 11 PM-5 AM,1 movements,Unauthorized movement detected at 01:00 in night hours
176,CAFE_DELHI_001,Wednesday,2025-11-05T01:00:00,lobby,Dining Area Movement in Off Hours (Night),High,No movement 11 PM-5 AM,1 movements,Unauthorized movement in dining area at 01:00 night
177,CAFE_DELHI_001,Wednesday,2025-11-05T08:00:00,parking,No Space,High,Vacancy > 5%,Vacancy = 2.0%,Parking area completely full at 08:00
178,CAFE_DELHI_001,Wednesday,2025-11-05T08:00:00,parking,Parking Full,Medium,Vacancy > 10%,Vacancy = 2.0%,Parking area near capacity at 08:00
179,CAFE_DELHI_001,Wednesday,2025-11-05T09:00:00,parking,Parking Full,Medium,Vacancy > 10%,Vacancy = 2.0%,Parking area near capacity at 09:00
180,CAFE_DELHI_001,Wednesday,2025-11-05T09:00:00,parking,No Space,High,Vacancy > 5%,Vacancy = 2.0%,Parking area completely full at 09:00
181,CAFE_DELHI_001,Wednesday,2025-11-05T10:00:00,parking,No Space,High,Vacancy > 5%,Vacancy = 2.0%,Parking area completely full at 10:00
182,CAFE_DELHI_001,Wednesday,2025-11-05T10:00:00,lobby,Queue Too Long,Medium,Max queue length < 8,Max queue = 17,Customer queue exceeded limit at 10:00
183,CAFE_DELHI_001,Wednesday,2025-11-05T10:00:00,parking,Parking Full,Medium,Vacancy > 10%,Vacancy = 2.0%,Parking area near capacity at 10:00
184,CAFE_DELHI_001,Wednesday,2025-11-05T12:00:00,parking,No Space,High,Vacancy > 5%,Vacancy = 2.0%,Parking area completely full at 12:00
185,CAFE_DELHI_001,Wednesday,2025-11-05T12:00:00,parking,Parking Full,Medium,Vacancy > 10%,Vacancy = 2.0%,Parking area near capacity at 12:00
186,CAFE_DELHI_001,Wednesday,2025-11-05T12:00:00,lobby,Queue Too Long,Medium,Max queue length < 8,Max queue = 12,Customer queue exceeded limit at 12:00
187,CAFE_DELHI_001,Wednesday,2025-11-05T12:00:00,kitchen,Low Handwash Activity in Peak Hours,Medium,Min 3 handwashes per worker in peak hours,10/5 = 2.0 per worker,Handwash compliance below standard during peak hour (12:00)
188,CAFE_DELHI_001,Wednesday,2025-11-05T13:00:00,parking,No Space,High,Vacancy > 5%,Vacancy = 2.0%,Parking area completely full at 13:00
189,CAFE_DELHI_001,Wednesday,2025-11-05T13:00:00,parking,Parking Full,Medium,Vacancy > 10%,Vacancy = 2.0%,Parking area near capacity at 13:00
190,CAFE_DELHI_001,Wednesday,2025-11-05T13:00:00,lobby,Queue Too Long,Medium,Max queue length < 8,Max queue = 15,Customer queue exceeded limit at 13:00
191,CAFE_DELHI_001,Wednesday,2025-11-05T13:00:00,kitchen,Low Handwash Activity in Peak Hours,Medium,Min 3 handwashes per worker in peak hours,9/6 = 1.5 per worker,Handwash compliance below standard during peak hour (13:00)
192,CAFE_DELHI_001,Wednesday,2025-11-05T14:00:00,parking,No Space,High,Vacancy > 5%,Vacancy = 2.0%,Parking area completely full at 14:00
193,CAFE_DELHI_001,Wednesday,2025-11-05T14:00:00,parking,Parking Full,Medium,Vacancy > 10%,Vacancy = 2.0%,Parking area near capacity at 14:00
194,CAFE_DELHI_001,Wednesday,2025-11-05T15:00:00,lobby,Queue Too Long,Medium,Max queue length < 8,Max queue = 19,Customer queue exceeded limit at 15:00
195,CAFE_DELHI_001,Wednesday,2025-11-05T15:00:00,parking,Parking Full,Medium,Vacancy > 10%,Vacancy = 2.0%,Parking area near capacity at 15:00
196,CAFE_DELHI_001,Wednesday,2025-11-05T15:00:00,parking,No Space,High,Vacancy > 5%,Vacancy = 2.0%,Parking area completely full at 15:00
197,CAFE_DELHI_001,Wednesday,2025-11-05T16:00:00,parking,No Space,High,Vacancy > 5%,Vacancy = 2.0%,Parking area completely full at 16:00
198,CAFE_DELHI_001,Wednesday,2025-11-05T16:00:00,parking,Parking Full,Medium,Vacancy > 10%,Vacancy = 2.0%,Parking area near capacity at 16:00
199,CAFE_DELHI_001,Wednesday,2025-11-05T17:00:00,parking,No Space,High,Vacancy > 5%,Vacancy = 2.0%,Parking area completely full at 17:00
200,CAFE_DELHI_001,Wednesday,2025-11-05T17:00:00,parking,Parking Full,Medium,Vacancy > 10%,Vacancy = 2.0%,Parking area near capacity at 17:00
201,CAFE_DELHI_001,Wednesday,2025-11-05T18:00:00,parking,No Space,High,Vacancy > 5%,Vacancy = 2.0%,Parking area completely full at 18:00
202,CAFE_DELHI_001,Wednesday,2025-11-05T18:00:00,kitchen,Low Handwash Activity in Peak Hours,Medium,Min 3 handwashes per worker in peak hours,9/6 = 1.5 per worker,Handwash compliance below standard during peak hour (18:00)
203,CAFE_DELHI_001,Wednesday,2025-11-05T18:00:00,parking,Parking Full,Medium,Vacancy > 10%,Vacancy = 2.0%,Parking area near capacity at 18:00
204,CAFE_DELHI_001,Wednesday,2025-11-05T19:00:00,kitchen,Low Handwash Activity in Peak Hours,Medium,Min 3 handwashes per worker in peak hours,16/9 = 1.8 per worker,Handwash compliance below standard during peak hour (19:00)
205,CAFE_DELHI_001,Wednesday,2025-11-05T19:00:00,parking,No Space,High,Vacancy > 5%,Vacancy = 2.0%,Parking area completely full at 19:00
206,CAFE_DELHI_001,Wednesday,2025-11-05T19:00:00,parking,Parking Full,Medium,Vacancy > 10%,Vacancy = 2.0%,Parking area near capacity at 19:00
207,CAFE_DELHI_001,Wednesday,2025-11-05T20:00:00,lobby,Queue Too Long,Medium,Max queue length < 8,Max queue = 12,Customer queue exceeded limit at 20:00
208,CAFE_DELHI_001,Wednesday,2025-11-05T20:00:00,parking,No Space,High,Vacancy > 5%,Vacancy = 2.0%,Parking area completely full at 20:00
209,CAFE_DELHI_001,Wednesday,2025-11-05T20:00:00,parking,Parking Full,Medium,Vacancy > 10%,Vacancy = 2.0%,Parking area near capacity at 20:00
210,CAFE_DELHI_001,Wednesday,2025-11-05T21:00:00,lobby,Queue Too Long,Medium,Max queue length < 8,Max queue = 17,Customer queue exceeded limit at 21:00
211,CAFE_DELHI_001,Wednesday,2025-11-05T21:00:00,parking,Parking Full,Medium,Vacancy > 10%,Vacancy = 2.0%,Parking area near capacity at 21:00
212,CAFE_DELHI_001,Wednesday,2025-11-05T21:00:00,parking,No Space,High,Vacancy > 5%,Vacancy = 2.0%,Parking area completely full at 21:00
213,CAFE_DELHI_001,Wednesday,2025-11-05T22:00:00,lobby,Queue Too Long,Medium,Max queue length < 8,Max queue = 15,Customer queue exceeded limit at 22:00
214,CAFE_DELHI_001,Wednesday,2025-11-05T22:00:00,parking,No Space,High,Vacancy > 5%,Vacancy = 2.0%,Parking area completely full at 22:00
215,CAFE_DELHI_001,Wednesday,2025-11-05T22:00:00,parking,Parking Full,Medium,Vacancy > 10%,Vacancy = 2.0%,Parking area near capacity at 22:00
216,CAFE_DELHI_001,Thursday,2025-11-06T00:00:00,kitchen,Kitchen Movement Off hours (Night),High,No movement 11 PM-5 AM,1 movements,Unauthorized movement detected at 00:00 in night hours
217,CAFE_DELHI_001,Thursday,2025-11-06T08:00:00,parking,Parking Full,Medium,Vacancy > 10%,Vacancy = 2.0%,Parking area near capacity at 08:00
218,CAFE_DELHI_001,Thursday,2025-11-06T08:00:00,parking,No Space,High,Vacancy > 5%,Vacancy = 2.0%,Parking area completely full at 08:00
219,CAFE_DELHI_001,Thursday,2025-11-06T09:00:00,parking,Parking Full,Medium,Vacancy > 10%,Vacancy = 2.0%,Parking area near capacity at 09:00
220,CAFE_DELHI_001,Thursday,2025-11-06T09:00:00,parking,No Space,High,Vacancy > 5%,Vacancy = 2.0%,Parking area completely full at 09:00
221,CAFE_DELHI_001,Thursday,2025-11-06T10:00:00,lobby,Queue Too Long,Medium,Max queue length < 8,Max queue = 15,Customer queue exceeded limit at 10:00
222,CAFE_DELHI_001,Thursday,2025-11-06T10:00:00,parking,Parking Full,Medium,Vacancy > 10%,Vacancy = 2.0%,Parking area near capacity at 10:00
223,CAFE_DELHI_001,Thursday,2025-11-06T10:00:00,parking,No Space,High,Vacancy > 5%,Vacancy = 2.0%,Parking area completely full at 10:00
224,CAFE_DELHI_001,Thursday,2025-11-06T12:00:00,kitchen,Low Handwash Activity in Peak Hours,Medium,Min 3 handwashes per worker in peak hours,16/9 = 1.8 per worker,Handwash compliance below standard during peak hour (12:00)
225,CAFE_DELHI_001,Thursday,2025-11-06T12:00:00,lobby,Queue Too Long,Medium,Max queue length < 8,Max queue = 18,Customer queue exceeded limit at 12:00
226,CAFE_DELHI_001,Thursday,2025-11-06T12:00:00,parking,Parking Full,Medium,Vacancy > 10%,Vacancy = 2.0%,Parking area near capacity at 12:00
227,CAFE_DELHI_001,Thursday,2025-11-06T12:00:00,parking,No Space,High,Vacancy > 5%,Vacancy = 2.0%,Parking area completely full at 12:00
228,CAFE_DELHI_001,Thursday,2025-11-06T13:00:00,lobby,Queue Too Long,Medium,Max queue length < 8,Max queue = 18,Customer queue exceeded limit at 13:00
229,CAFE_DELHI_001,Thursday,2025-11-06T13:00:00,parking,Parking Full,Medium,Vacancy > 10%,Vacancy = 2.0%,Parking area near capacity at 13:00
230,CAFE_DELHI_001,Thursday,2025-11-06T13:00:00,parking,No Space,High,Vacancy > 5%,Vacancy = 2.0%,Parking area completely full at 13:00
231,CAFE_DELHI_001,Thursday,2025-11-06T14:00:00,parking,Parking Full,Medium,Vacancy > 10%,Vacancy = 2.0%,Parking area near capacity at 14:00
232,CAFE_DELHI_001,Thursday,2025-11-06T14:00:00,parking,No Space,High,Vacancy > 5%,Vacancy = 2.0%,Parking area completely full at 14:00
233,CAFE_DELHI_001,Thursday,2025-11-06T15:00:00,parking,Parking Full,Medium,Vacancy > 10%,Vacancy = 2.0%,Parking area near capacity at 15:00
234,CAFE_DELHI_001,Thursday,2025-11-06T15:00:00,parking,No Space,High,Vacancy > 5%,Vacancy = 2.0%,Parking area completely full at 15:00
235,CAFE_DELHI_001,Thursday,2025-11-06T15:00:00,lobby,Queue Too Long,Medium,Max queue length < 8,Max queue = 14,Customer queue exceeded limit at 15:00
236,CAFE_DELHI_001,Thursday,2025-11-06T16:00:00,lobby,Queue Too Long,Medium,Max queue length < 8,Max queue = 11,Customer queue exceeded limit at 16:00
237,CAFE_DELHI_001,Thursday,2025-11-06T17:00:00,parking,Parking Full,Medium,Vacancy > 10%,Vacancy = 2.0%,Parking area near capacity at 17:00
238,CAFE_DELHI_001,Thursday,2025-11-06T17:00:00,parking,No Space,High,Vacancy > 5%,Vacancy = 2.0%,Parking area completely full at 17:00
239,CAFE_DELHI_001,Thursday,2025-11-06T18:00:00,parking,Parking Full,Medium,Vacancy > 10%,Vacancy = 2.7%,Parking area near capacity at 18:00
240,CAFE_DELHI_001,Thursday,2025-11-06T18:00:00,parking,No Space,High,Vacancy > 5%,Vacancy = 2.7%,Parking area completely full at 18:00
241,CAFE_DELHI_001,Thursday,2025-11-06T18:00:00,kitchen,Low Handwash Activity in Peak Hours,Medium,Min 3 handwashes per worker in peak hours,19/8 = 2.4 per worker,Handwash compliance below standard during peak hour (18:00)
242,CAFE_DELHI_001,Thursday,2025-11-06T19:00:00,parking,Parking Full,Medium,Vacancy > 10%,Vacancy = 2.0%,Parking area near capacity at 19:00
243,CAFE_DELHI_001,Thursday,2025-11-06T19:00:00,parking,No Space,High,Vacancy > 5%,Vacancy = 2.0%,Parking area completely full at 19:00
244,CAFE_DELHI_001,Thursday,2025-11-06T19:00:00,kitchen,Low Handwash Activity in Peak Hours,Medium,Min 3 handwashes per worker in peak hours,20/10 = 2.0 per worker,Handwash compliance below standard during peak hour (19:00)
245,CAFE_DELHI_001,Thursday,2025-11-06T20:00:00,kitchen,Low Handwash Activity in Peak Hours,Medium,Min 3 handwashes per worker in peak hours,13/7 = 1.9 per worker,Handwash compliance below standard during peak hour (20:00)
246,CAFE_DELHI_001,Thursday,2025-11-06T20:00:00,parking,No Space,High,Vacancy > 5%,Vacancy = 2.0%,Parking area completely full at 20:00
247,CAFE_DELHI_001,Thursday,2025-11-06T20:00:00,lobby,Queue Too Long,Medium,Max queue length < 8,Max queue = 10,Customer queue exceeded limit at 20:00
248,CAFE_DELHI_001,Thursday,2025-11-06T20:00:00,parking,Parking Full,Medium,Vacancy > 10%,Vacancy = 2.0%,Parking area near capacity at 20:00
249,CAFE_DELHI_001,Thursday,2025-11-06T21:00:00,parking,No Space,High,Vacancy > 5%,Vacancy = 2.0%,Parking area completely full at 21:00
250,CAFE_DELHI_001,Thursday,2025-11-06T21:00:00,parking,Parking Full,Medium,Vacancy > 10%,Vacancy = 2.0%,Parking area near capacity at 21:00
251,CAFE_DELHI_001,Thursday,2025-11-06T22:00:00,lobby,Queue Too Long,Medium,Max queue length < 8,Max queue = 10,Customer queue exceeded limit at 22:00
252,CAFE_DELHI_001,Thursday,2025-11-06T22:00:00,parking,No Space,High,Vacancy > 5%,Vacancy = 2.0%,Parking area completely full at 22:00
253,CAFE_DELHI_001,Thursday,2025-11-06T22:00:00,parking,Parking Full,Medium,Vacancy > 10%,Vacancy = 2.0%,Parking area near capacity at 22:00
254,CAFE_DELHI_001,Friday,2025-11-07T08:00:00,parking,Parking Full,Medium,Vacancy > 10%,Vacancy = 2.0%,Parking area near capacity at 08:00
255,CAFE_DELHI_001,Friday,2025-11-07T08:00:00,parking,No Space,High,Vacancy > 5%,Vacancy = 2.0%,Parking area completely full at 08:00
256,CAFE_DELHI_001,Friday,2025-11-07T09:00:00,lobby,Queue Too Long,Medium,Max queue length < 8,Max queue = 21,Customer queue exceeded limit at 09:00
257,CAFE_DELHI_001,Friday,2025-11-07T09:00:00,parking,Parking Full,Medium,Vacancy > 10%,Vacancy = 2.0%,Parking area near capacity at 09:00
258,CAFE_DELHI_001,Friday,2025-11-07T09:00:00,parking,No Space,High,Vacancy > 5%,Vacancy = 2.0%,Parking area completely full at 09:00
259,CAFE_DELHI_001,Friday,2025-11-07T10:00:00,lobby,Queue Too Long,Medium,Max queue length < 8,Max queue = 16,Customer queue exceeded limit at 10:00
260,CAFE_DELHI_001,Friday,2025-11-07T10:00:00,parking,Parking Full,Medium,Vacancy > 10%,Vacancy = 2.0%,Parking area near capacity at 10:00
261,CAFE_DELHI_001,Friday,2025-11-07T10:00:00,parking,No Space,High,Vacancy > 5%,Vacancy = 2.0%,Parking area completely full at 10:00
262,CAFE_DELHI_001,Friday,2025-11-07T12:00:00,kitchen,Low Handwash Activity in Peak Hours,Medium,Min 3 handwashes per worker in peak hours,14/7 = 2.0 per worker,Handwash compliance below standard during peak hour (12:00)
263,CAFE_DELHI_001,Friday,2025-11-07T12:00:00,lobby,Queue Too Long,Medium,Max queue length < 8,Max queue = 9,Customer queue exceeded limit at 12:00
264,CAFE_DELHI_001,Friday,2025-11-07T12:00:00,parking,Parking Full,Medium,Vacancy > 10%,Vacancy = 2.0%,Parking area near capacity at 12:00
265,CAFE_DELHI_001,Friday,2025-11-07T12:00:00,parking,No Space,High,Vacancy > 5%,Vacancy = 2.0%,Parking area completely full at 12:00
266,CAFE_DELHI_001,Friday,2025-11-07T13:00:00,kitchen,Low Handwash Activity in Peak Hours,Medium,Min 3 handwashes per worker in peak hours,9/6 = 1.5 per worker,Handwash compliance below standard during peak hour (13:00)
267,CAFE_DELHI_001,Friday,2025-11-07T13:00:00,parking,No Space,High,Vacancy > 5%,Vacancy = 2.0%,Parking area completely full at 13:00
268,CAFE_DELHI_001,Friday,2025-11-07T13:00:00,parking,Parking Full,Medium,Vacancy > 10%,Vacancy = 2.0%,Parking area near capacity at 13:00
269,CAFE_DELHI_001,Friday,2025-11-07T14:00:00,parking,Parking Full,Medium,Vacancy > 10%,Vacancy = 2.0%,Parking area near capacity at 14:00
270,CAFE_DELHI_001,Friday,2025-11-07T14:00:00,parking,No Space,High,Vacancy > 5%,Vacancy = 2.0%,Parking area completely full at 14:00
271,CAFE_DELHI_001,Friday,2025-11-07T15:00:00,parking,Parking Full,Medium,Vacancy > 10%,Vacancy = 2.0%,Parking area near capacity at 15:00
272,CAFE_DELHI_001,Friday,2025-11-07T15:00:00,parking,No Space,High,Vacancy > 5%,Vacancy = 2.0%,Parking area completely full at 15:00
273,CAFE_DELHI_001,Friday,2025-11-07T15:00:00,lobby,Queue Too Long,Medium,Max queue length < 8,Max queue = 13,Customer queue exceeded limit at 15:00
274,CAFE_DELHI_001,Friday,2025-11-07T18:00:00,kitchen,Low Handwash Activity in Peak Hours,Medium,Min 3 handwashes per worker in peak hours,12/7 = 1.7 per worker,Handwash compliance below standard during peak hour (18:00)
275,CAFE_DELHI_001,Friday,2025-11-07T19:00:00,parking,Parking Full,Medium,Vacancy > 10%,Vacancy = 2.0%,Parking area near capacity at 19:00
276,CAFE_DELHI_001,Friday,2025-11-07T19:00:00,parking,No Space,High,Vacancy > 5%,Vacancy = 2.0%,Parking area completely full at 19:00
277,CAFE_DELHI_001,Friday,2025-11-07T20:00:00,kitchen,Low Handwash Activity in Peak Hours,Medium,Min 3 handwashes per worker in peak hours,13/7 = 1.9 per worker,Handwash compliance below standard during peak hour (20:00)
278,CAFE_DELHI_001,Friday,2025-11-07T20:00:00,parking,Parking Full,Medium,Vacancy > 10%,Vacancy = 2.0%,Parking area near capacity at 20:00
279,CAFE_DELHI_001,Friday,2025-11-07T20:00:00,parking,No Space,High,Vacancy > 5%,Vacancy = 2.0%,Parking area completely full at 20:00
280,CAFE_DELHI_001,Friday,2025-11-07T20:00:00,lobby,Queue Too Long,Medium,Max queue length < 8,Max queue = 9,Customer queue exceeded limit at 20:00
281,CAFE_DELHI_001,Friday,2025-11-07T21:00:00,parking,No Space,High,Vacancy > 5%,Vacancy = 2.0%,Parking area completely full at 21:00
282,CAFE_DELHI_001,Friday,2025-11-07T21:00:00,parking,Parking Full,Medium,Vacancy > 10%,Vacancy = 2.0%,Parking area near capacity at 21:00
283,CAFE_DELHI_001,Friday,2025-11-07T22:00:00,parking,No Space,High,Vacancy > 5%,Vacancy = 2.0%,Parking area completely full at 22:00
284,CAFE_DELHI_001,Friday,2025-11-07T22:00:00,parking,Parking Full,Medium,Vacancy > 10%,Vacancy = 2.0%,Parking area near capacity at 22:00
285,CAFE_DELHI_001,Saturday,2025-11-08T03:00:00,kitchen,Kitchen Movement Off hours (Night),High,No movement 11 PM-5 AM,1 movements,Unauthorized movement detected at 03:00 in night hours
286,CAFE_DELHI_001,Saturday,2025-11-08T04:00:00,kitchen,Kitchen Movement Off hours (Night),High,No movement 11 PM-5 AM,2 movements,Unauthorized movement detected at 04:00 in night hours
287,CAFE_DELHI_001,Saturday,2025-11-08T06:00:00,kitchen,Kitchen Movement Off hours (Morning),High,No movement 5-7 AM,1 movements,Unauthorized movement detected at 06:00 in morning hours
288,CAFE_DELHI_001,Saturday,2025-11-08T08:00:00,parking,No Space,High,Vacancy > 5%,Vacancy = 2.0%,Parking area completely full at 08:00
289,CAFE_DELHI_001,Saturday,2025-11-08T08:00:00,parking,Parking Full,Medium,Vacancy > 10%,Vacancy = 2.0%,Parking area near capacity at 08:00
290,CAFE_DELHI_001,Saturday,2025-11-08T08:00:00,lobby,Queue Too Long,Medium,Max queue length < 8,Max queue = 12,Customer queue exceeded limit at 08:00
291,CAFE_DELHI_001,Saturday,2025-11-08T09:00:00,lobby,Queue Too Long,Medium,Max queue length < 8,Max queue = 9,Customer queue exceeded limit at 09:00
292,CAFE_DELHI_001,Saturday,2025-11-08T09:00:00,parking,Parking Full,Medium,Vacancy > 10%,Vacancy = 2.0%,Parking area near capacity at 09:00
293,CAFE_DELHI_001,Saturday,2025-11-08T09:00:00,parking,No Space,High,Vacancy > 5%,Vacancy = 2.0%,Parking area completely full at 09:00
294,CAFE_DELHI_001,Saturday,2025-11-08T10:00:00,parking,No Space,High,Vacancy > 5%,Vacancy = 2.0%,Parking area completely full at 10:00
295,CAFE_DELHI_001,Saturday,2025-11-08T10:00:00,parking,Parking Full,Medium,Vacancy > 10%,Vacancy = 2.0%,Parking area near capacity at 10:00
296,CAFE_DELHI_001,Saturday,2025-11-08T12:00:00,parking,No Space,High,Vacancy > 5%,Vacancy = 2.0%,Parking area completely full at 12:00
297,CAFE_DELHI_001,Saturday,2025-11-08T12:00:00,parking,Parking Full,Medium,Vacancy > 10%,Vacancy = 2.0%,Parking area near capacity at 12:00
298,CAFE_DELHI_001,Saturday,2025-11-08T12:00:00,kitchen,Low Handwash Activity in Peak Hours,Medium,Min 3 handwashes per worker in peak hours,11/7 = 1.6 per worker,Handwash compliance below standard during peak hour (12:00)
299,CAFE_DELHI_001,Saturday,2025-11-08T13:00:00,parking,No Space,High,Vacancy > 5%,Vacancy = 2.0%,Parking area completely full at 13:00
300,CAFE_DELHI_001,Saturday,2025-11-08T13:00:00,parking,Parking Full,Medium,Vacancy > 10%,Vacancy = 2.0%,Parking area near capacity at 13:00
301,CAFE_DELHI_001,Saturday,2025-11-08T13:00:00,kitchen,Low Handwash Activity in Peak Hours,Medium,Min 3 handwashes per worker in peak hours,13/7 = 1.9 per worker,Handwash compliance below standard during peak hour (13:00)
302,CAFE_DELHI_001,Saturday,2025-11-08T13:00:00,lobby,Queue Too Long,Medium,Max queue length < 8,Max queue = 15,Customer queue exceeded limit at 13:00
303,CAFE_DELHI_001,Saturday,2025-11-08T14:00:00,lobby,Queue Too Long,Medium,Max queue length < 8,Max queue = 17,Customer queue exceeded limit at 14:00
304,CAFE_DELHI_001,Saturday,2025-11-08T14:00:00,parking,Parking Full,Medium,Vacancy > 10%,Vacancy = 2.0%,Parking area near capacity at 14:00
305,CAFE_DELHI_001,Saturday,2025-11-08T14:00:00,parking,No Space,High,Vacancy > 5%,Vacancy = 2.0%,Parking area completely full at 14:00
306,CAFE_DELHI_001,Saturday,2025-11-08T15:00:00,lobby,Queue Too Long,Medium,Max queue length < 8,Max queue = 12,Customer queue exceeded limit at 15:00
307,CAFE_DELHI_001,Saturday,2025-11-08T15:00:00,parking,Parking Full,Medium,Vacancy > 10%,Vacancy = 2.0%,Parking area near capacity at 15:00
308,CAFE_DELHI_001,Saturday,2025-11-08T15:00:00,parking,No Space,High,Vacancy > 5%,Vacancy = 2.0%,Parking area completely full at 15:00
309,CAFE_DELHI_001,Saturday,2025-11-08T16:00:00,parking,Parking Full,Medium,Vacancy > 10%,Vacancy = 2.0%,Parking area near capacity at 16:00
310,CAFE_DELHI_001,Saturday,2025-11-08T16:00:00,parking,No Space,High,Vacancy > 5%,Vacancy = 2.0%,Parking area completely full at 16:00
311,CAFE_DELHI_001,Saturday,2025-11-08T17:00:00,lobby,Queue Too Long,Medium,Max queue length < 8,Max queue = 13,Customer queue exceeded limit at 17:00
312,CAFE_DELHI_001,Saturday,2025-11-08T17:00:00,parking,Parking Full,Medium,Vacancy > 10%,Vacancy = 2.0%,Parking area near capacity at 17:00
313,CAFE_DELHI_001,Saturday,2025-11-08T17:00:00,parking,No Space,High,Vacancy > 5%,Vacancy = 2.0%,Parking area completely full at 17:00
314,CAFE_DELHI_001,Saturday,2025-11-08T18:00:00,parking,No Space,High,Vacancy > 5%,Vacancy = 2.0%,Parking area completely full at 18:00
315,CAFE_DELHI_001,Saturday,2025-11-08T18:00:00,parking,Parking Full,Medium,Vacancy > 10%,Vacancy = 2.0%,Parking area near capacity at 18:00
316,CAFE_DELHI_001,Saturday,2025-11-08T19:00:00,parking,No Space,High,Vacancy > 5%,Vacancy = 2.0%,Parking area completely full at 19:00
317,CAFE_DELHI_001,Saturday,2025-11-08T19:00:00,parking,Parking Full,Medium,Vacancy > 10%,Vacancy = 2.0%,Parking area near capacity at 19:00
318,CAFE_DELHI_001,Saturday,2025-11-08T20:00:00,lobby,Queue Too Long,Medium,Max queue length < 8,Max queue = 14,Customer queue exceeded limit at 20:00
319,CAFE_DELHI_001,Saturday,2025-11-08T20:00:00,parking,No Space,High,Vacancy > 5%,Vacancy = 2.0%,Parking area completely full at 20:00
320,CAFE_DELHI_001,Saturday,2025-11-08T20:00:00,parking,Parking Full,Medium,Vacancy > 10%,Vacancy = 2.0%,Parking area near capacity at 20:00
321,CAFE_DELHI_001,Saturday,2025-11-08T20:00:00,kitchen,Low Handwash Activity in Peak Hours,Medium,Min 3 handwashes per worker in peak hours,6/5 = 1.2 per worker,Handwash compliance below standard during peak hour (20:00)
322,CAFE_DELHI_001,Saturday,2025-11-08T21:00:00,lobby,Queue Too Long,Medium,Max queue length < 8,Max queue = 10,Customer queue exceeded limit at 21:00
323,CAFE_DELHI_001,Saturday,2025-11-08T21:00:00,parking,No Space,High,Vacancy > 5%,Vacancy = 2.0%,Parking area completely full at 21:00
324,CAFE_DELHI_001,Saturday,2025-11-08T21:00:00,parking,Parking Full,Medium,Vacancy > 10%,Vacancy = 2.0%,Parking area near capacity at 21:00
325,CAFE_DELHI_001,Saturday,2025-11-08T22:00:00,parking,No Space,High,Vacancy > 5%,Vacancy = 2.0%,Parking area completely full at 22:00
326,CAFE_DELHI_001,Saturday,2025-11-08T22:00:00,parking,Parking Full,Medium,Vacancy > 10%,Vacancy = 2.0%,Parking area near capacity at 22:00
327,CAFE_DELHI_001,Saturday,2025-11-08T22:00:00,lobby,Queue Too Long,Medium,Max queue length < 8,Max queue = 9,Customer queue exceeded limit at 22:00
328,CAFE_DELHI_001,Sunday,2025-11-09T03:00:00,kitchen,Kitchen Movement Off hours (Night),High,No movement 11 PM-5 AM,2 movements,Unauthorized movement detected at 03:00 in night hours
329,CAFE_DELHI_001,Sunday,2025-11-09T08:00:00,parking,No Space,High,Vacancy > 5%,Vacancy = 2.0%,Parking area completely full at 08:00
330,CAFE_DELHI_001,Sunday,2025-11-09T08:00:00,parking,Parking Full,Medium,Vacancy > 10%,Vacancy = 2.0%,Parking area near capacity at 08:00
331,CAFE_DELHI_001,Sunday,2025-11-09T09:00:00,lobby,Queue Too Long,Medium,Max queue length < 8,Max queue = 11,Customer queue exceeded limit at 09:00
332,CAFE_DELHI_001,Sunday,2025-11-09T09:00:00,parking,Parking Full,Medium,Vacancy > 10%,Vacancy = 2.0%,Parking area near capacity at 09:00
333,CAFE_DELHI_001,Sunday,2025-11-09T09:00:00,parking,No Space,High,Vacancy > 5%,Vacancy = 2.0%,Parking area completely full at 09:00
334,CAFE_DELHI_001,Sunday,2025-11-09T10:00:00,parking,Parking Full,Medium,Vacancy > 10%,Vacancy = 2.0%,Parking area near capacity at 10:00
335,CAFE_DELHI_001,Sunday,2025-11-09T10:00:00,parking,No Space,High,Vacancy > 5%,Vacancy = 2.0%,Parking area completely full at 10:00
336,CAFE_DELHI_001,Sunday,2025-11-09T10:00:00,lobby,Queue Too Long,Medium,Max queue length < 8,Max queue = 23,Customer queue exceeded limit at 10:00
337,CAFE_DELHI_001,Sunday,2025-11-09T12:00:00,parking,Parking Full,Medium,Vacancy > 10%,Vacancy = 2.0%,Parking area near capacity at 12:00
338,CAFE_DELHI_001,Sunday,2025-11-09T12:00:00,parking,No Space,High,Vacancy > 5%,Vacancy = 2.0%,Parking area completely full at 12:00
339,CAFE_DELHI_001,Sunday,2025-11-09T12:00:00,kitchen,Low Handwash Activity in Peak Hours,Medium,Min 3 handwashes per worker in peak hours,12/6 = 2.0 per worker,Handwash compliance below standard during peak hour (12:00)
340,CAFE_DELHI_001,Sunday,2025-11-09T12:00:00,lobby,Queue Too Long,Medium,Max queue length < 8,Max queue = 12,Customer queue exceeded limit at 12:00
341,CAFE_DELHI_001,Sunday,2025-11-09T13:00:00,kitchen,Low Handwash Activity in Peak Hours,Medium,Min 3 handwashes per worker in peak hours,21/9 = 2.3 per worker,Handwash compliance below standard during peak hour (13:00)
342,CAFE_DELHI_001,Sunday,2025-11-09T13:00:00,parking,Parking Full,Medium,Vacancy > 10%,Vacancy = 2.0%,Parking area near capacity at 13:00
343,CAFE_DELHI_001,Sunday,2025-11-09T13:00:00,parking,No Space,High,Vacancy > 5%,Vacancy = 2.0%,Parking area completely full at 13:00
344,CAFE_DELHI_001,Sunday,2025-11-09T13:00:00,lobby,Queue Too Long,Medium,Max queue length < 8,Max queue = 20,Customer queue exceeded limit at 13:00
345,CAFE_DELHI_001,Sunday,2025-11-09T14:00:00,lobby,Queue Too Long,Medium,Max queue length < 8,Max queue = 13,Customer queue exceeded limit at 14:00
346,CAFE_DELHI_001,Sunday,2025-11-09T14:00:00,parking,Parking Full,Medium,Vacancy > 10%,Vacancy = 2.0%,Parking area near capacity at 14:00
347,CAFE_DELHI_001,Sunday,2025-11-09T14:00:00,parking,No Space,High,Vacancy > 5%,Vacancy = 2.0%,Parking area completely full at 14:00
348,CAFE_DELHI_001,Sunday,2025-11-09T15:00:00,parking,No Space,High,Vacancy > 5%,Vacancy = 2.0%,Parking area completely full at 15:00
349,CAFE_DELHI_001,Sunday,2025-11-09T15:00:00,parking,Parking Full,Medium,Vacancy > 10%,Vacancy = 2.0%,Parking area near capacity at 15:00
350,CAFE_DELHI_001,Sunday,2025-11-09T15:00:00,lobby,Queue Too Long,Medium,Max queue length < 8,Max queue = 10,Customer queue exceeded limit at 15:00
351,CAFE_DELHI_001,Sunday,2025-11-09T16:00:00,parking,No Space,High,Vacancy > 5%,Vacancy = 2.0%,Parking area completely full at 16:00
352,CAFE_DELHI_001,Sunday,2025-11-09T16:00:00,parking,Parking Full,Medium,Vacancy > 10%,Vacancy = 2.0%,Parking area near capacity at 16:00
353,CAFE_DELHI_001,Sunday,2025-11-09T17:00:00,parking,No Space,High,Vacancy > 5%,Vacancy = 2.0%,Parking area completely full at 17:00
354,CAFE_DELHI_001,Sunday,2025-11-09T17:00:00,parking,Parking Full,Medium,Vacancy > 10%,Vacancy = 2.0%,Parking area near capacity at 17:00
355,CAFE_DELHI_001,Sunday,2025-11-09T17:00:00,lobby,Queue Too Long,Medium,Max queue length < 8,Max queue = 13,Customer queue exceeded limit at 17:00
356,CAFE_DELHI_001,Sunday,2025-11-09T18:00:00,parking,Parking Full,Medium,Vacancy > 10%,Vacancy = 2.0%,Parking area near capacity at 18:00
357,CAFE_DELHI_001,Sunday,2025-11-09T18:00:00,parking,No Space,High,Vacancy > 5%,Vacancy = 2.0%,Parking area completely full at 18:00
358,CAFE_DELHI_001,Sunday,2025-11-09T18:00:00,kitchen,Low Handwash Activity in Peak Hours,Medium,Min 3 handwashes per worker in peak hours,13/6 = 2.2 per worker,Handwash compliance below standard during peak hour (18:00)
359,CAFE_DELHI_001,Sunday,2025-11-09T19:00:00,parking,No Space,High,Vacancy > 5%,Vacancy = 2.0%,Parking area completely full at 19:00
360,CAFE_DELHI_001,Sunday,2025-11-09T19:00:00,parking,Parking Full,Medium,Vacancy > 10%,Vacancy = 2.0%,Parking area near capacity at 19:00
361,CAFE_DELHI_001,Sunday,2025-11-09T19:00:00,kitchen,Low Handwash Activity in Peak Hours,Medium,Min 3 handwashes per worker in peak hours,18/9 = 2.0 per worker,Handwash compliance below standard during peak hour (19:00)
362,CAFE_DELHI_001,Sunday,2025-11-09T20:00:00,parking,Parking Full,Medium,Vacancy > 10%,Vacancy = 2.0%,Parking area near capacity at 20:00
363,CAFE_DELHI_001,Sunday,2025-11-09T20:00:00,parking,No Space,High,Vacancy > 5%,Vacancy = 2.0%,Parking area completely full at 20:00
364,CAFE_DELHI_001,Sunday,2025-11-09T20:00:00,kitchen,Low Handwash Activity in Peak Hours,Medium,Min 3 handwashes per worker in peak hours,8/4 = 2.0 per worker,Handwash compliance below standard during peak hour (20:00)
365,CAFE_DELHI_001,Sunday,2025-11-09T21:00:00,parking,Parking Full,Medium,Vacancy > 10%,Vacancy = 2.0%,Parking area near capacity at 21:00
366,CAFE_DELHI_001,Sunday,2025-11-09T21:00:00,parking,No Space,High,Vacancy > 5%,Vacancy = 2.0%,Parking area completely full at 21:00
367,CAFE_DELHI_001,Sunday,2025-11-09T22:00:00,parking,Parking Full,Medium,Vacancy > 10%,Vacancy = 2.0%,Parking area near capacity at 22:00
368,CAFE_DELHI_001,Sunday,2025-11-09T22:00:00,parking,No Space,High,Vacancy > 5%,Vacancy = 2.0%,Parking area completely full at 22:00
369,CAFE_DELHI_001,Sunday,2025-11-09T22:00:00,lobby,Queue Too Long,Medium,Max queue length < 8,Max queue = 14,Customer queue exceeded limit at 22:00
370,CAFE_DELHI_001,Monday,2025-11-10T00:00:00,kitchen,Kitchen Movement Off hours (Night),High,No movement 11 PM-5 AM,1 movements,Unauthorized movement detected at 00:00 in night hours
371,CAFE_DELHI_001,Monday,2025-11-10T03:00:00,kitchen,Kitchen Movement Off hours (Night),High,No movement 11 PM-5 AM,1 movements,Unauthorized movement detected at 03:00 in night hours
372,CAFE_DELHI_001,Monday,2025-11-10T04:00:00,kitchen,Kitchen Movement Off hours (Night),High,No movement 11 PM-5 AM,2 movements,Unauthorized movement detected at 04:00 in night hours
373,CAFE_DELHI_001,Monday,2025-11-10T08:00:00,parking,No Space,High,Vacancy > 5%,Vacancy = 2.0%,Parking area completely full at 08:00
374,CAFE_DELHI_001,Monday,2025-11-10T08:00:00,lobby,Queue Too Long,Medium,Max queue length < 8,Max queue = 17,Customer queue exceeded limit at 08:00
375,CAFE_DELHI_001,Monday,2025-11-10T08:00:00,parking,Parking Full,Medium,Vacancy > 10%,Vacancy = 2.0%,Parking area near capacity at 08:00
376,CAFE_DELHI_001,Monday,2025-11-10T09:00:00,parking,Parking Full,Medium,Vacancy > 10%,Vacancy = 2.0%,Parking area near capacity at 09:00
377,CAFE_DELHI_001,Monday,2025-11-10T09:00:00,parking,No Space,High,Vacancy > 5%,Vacancy = 2.0%,Parking area completely full at 09:00
378,CAFE_DELHI_001,Monday,2025-11-10T09:00:00,lobby,Queue Too Long,Medium,Max queue length < 8,Max queue = 12,Customer queue exceeded limit at 09:00
379,CAFE_DELHI_001,Monday,2025-11-10T10:00:00,parking,Parking Full,Medium,Vacancy > 10%,Vacancy = 7.2%,Parking area near capacity at 10:00
380,CAFE_DELHI_001,Monday,2025-11-10T12:00:00,parking,No Space,High,Vacancy > 5%,Vacancy = 2.0%,Parking area completely full at 12:00
381,CAFE_DELHI_001,Monday,2025-11-10T12:00:00,parking,Parking Full,Medium,Vacancy > 10%,Vacancy = 2.0%,Parking area near capacity at 12:00
382,CAFE_DELHI_001,Monday,2025-11-10T13:00:00,parking,No Space,High,Vacancy > 5%,Vacancy = 2.0%,Parking area completely full at 13:00
383,CAFE_DELHI_001,Monday,2025-11-10T13:00:00,lobby,Queue Too Long,Medium,Max queue length < 8,Max queue = 11,Customer queue exceeded limit at 13:00
384,CAFE_DELHI_001,Monday,2025-11-10T13:00:00,parking,Parking Full,Medium,Vacancy > 10%,Vacancy = 2.0%,Parking area near capacity at 13:00
385,CAFE_DELHI_001,Monday,2025-11-10T14:00:00,parking,Parking Full,Medium,Vacancy > 10%,Vacancy = 2.0%,Parking area near capacity at 14:00
386,CAFE_DELHI_001,Monday,2025-11-10T14:00:00,lobby,Queue Too Long,Medium,Max queue length < 8,Max queue = 9,Customer queue exceeded limit at 14:00
387,CAFE_DELHI_001,Monday,2025-11-10T14:00:00,parking,No Space,High,Vacancy > 5%,Vacancy = 2.0%,Parking area completely full at 14:00
388,CAFE_DELHI_001,Monday,2025-11-10T15:00:00,lobby,Queue Too Long,Medium,Max queue length < 8,Max queue = 13,Customer queue exceeded limit at 15:00
389,CAFE_DELHI_001,Monday,2025-11-10T15:00:00,parking,Parking Full,Medium,Vacancy > 10%,Vacancy = 2.0%,Parking area near capacity at 15:00
390,CAFE_DELHI_001,Monday,2025-11-10T15:00:00,parking,No Space,High,Vacancy > 5%,Vacancy = 2.0%,Parking area completely full at 15:00
391,CAFE_DELHI_001,Monday,2025-11-10T17:00:00,parking,Parking Full,Medium,Vacancy > 10%,Vacancy = 7.4%,Parking area near capacity at 17:00
392,CAFE_DELHI_001,Monday,2025-11-10T18:00:00,parking,Parking Full,Medium,Vacancy > 10%,Vacancy = 5.3%,Parking area near capacity at 18:00
393,CAFE_DELHI_001,Monday,2025-11-10T18:00:00,kitchen,Low Handwash Activity in Peak Hours,Medium,Min 3 handwashes per worker in peak hours,7/4 = 1.8 per worker,Handwash compliance below standard during peak hour (18:00)
394,CAFE_DELHI_001,Monday,2025-11-10T19:00:00,parking,Parking Full,Medium,Vacancy > 10%,Vacancy = 2.0%,Parking area near capacity at 19:00
395,CAFE_DELHI_001,Monday,2025-11-10T19:00:00,parking,No Space,High,Vacancy > 5%,Vacancy = 2.0%,Parking area completely full at 19:00
396,CAFE_DELHI_001,Monday,2025-11-10T20:00:00,parking,Parking Full,Medium,Vacancy > 10%,Vacancy = 2.0%,Parking area near capacity at 20:00
397,CAFE_DELHI_001,Monday,2025-11-10T20:00:00,parking,No Space,High,Vacancy > 5%,Vacancy = 2.0%,Parking area completely full at 20:00
398,CAFE_DELHI_001,Monday,2025-11-10T20:00:00,lobby,Queue Too Long,Medium,Max queue length < 8,Max queue = 18,Customer queue exceeded limit at 20:00
399,CAFE_DELHI_001,Monday,2025-11-10T20:00:00,kitchen,Low Handwash Activity in Peak Hours,Medium,Min 3 handwashes per worker in peak hours,16/7 = 2.3 per worker,Handwash compliance below standard during peak hour (20:00)
400,CAFE_DELHI_001,Monday,2025-11-10T21:00:00,parking,Parking Full,Medium,Vacancy > 10%,Vacancy = 2.0%,Parking area near capacity at 21:00
401,CAFE_DELHI_001,Monday,2025-11-10T21:00:00,parking,No Space,High,Vacancy > 5%,Vacancy = 2.0%,Parking area completely full at 21:00
402,CAFE_DELHI_001,Monday,2025-11-10T21:00:00,lobby,Queue Too Long,Medium,Max queue length < 8,Max queue = 9,Customer queue exceeded limit at 21:00
403,CAFE_DELHI_001,Monday,2025-11-10T22:00:00,parking,No Space,High,Vacancy > 5%,Vacancy = 2.0%,Parking area completely full at 22:00
404,CAFE_DELHI_001,Monday,2025-11-10T22:00:00,parking,Parking Full,Medium,Vacancy > 10%,Vacancy = 2.0%,Parking area near capacity at 22:00
405,CAFE_DELHI_001,Tuesday,2025-11-11T00:00:00,kitchen,Kitchen Movement Off hours (Night),High,No movement 11 PM-5 AM,1 movements,Unauthorized movement detected at 00:00 in night hours
406,CAFE_DELHI_001,Tuesday,2025-11-11T05:00:00,kitchen,Kitchen Movement Off hours (Morning),High,No movement 5-7 AM,2 movements,Unauthorized movement detected at 05:00 in morning hours
407,CAFE_DELHI_001,Tuesday,2025-11-11T05:00:00,kitchen,Kitchen Movement Off hours (Night),High,No movement 11 PM-5 AM,2 movements,Unauthorized movement detected at 05:00 in night hours
408,CAFE_DELHI_001,Tuesday,2025-11-11T06:00:00,lobby,Dining Area Movement in Off Hours (Morning),High,No movement 5-7 AM,1 movements,Unauthorized movement in dining area at 06:00 morning
409,CAFE_DELHI_001,Tuesday,2025-11-11T08:00:00,parking,Parking Full,Medium,Vacancy > 10%,Vacancy = 8.9%,Parking area near capacity at 08:00
410,CAFE_DELHI_001,Tuesday,2025-11-11T09:00:00,lobby,Queue Too Long,Medium,Max queue length < 8,Max queue = 15,Customer queue exceeded limit at 09:00
411,CAFE_DELHI_001,Tuesday,2025-11-11T09:00:00,parking,Parking Full,Medium,Vacancy > 10%,Vacancy = 2.4%,Parking area near capacity at 09:00
412,CAFE_DELHI_001,Tuesday,2025-11-11T09:00:00,parking,No Space,High,Vacancy > 5%,Vacancy = 2.4%,Parking area completely full at 09:00
413,CAFE_DELHI_001,Tuesday,2025-11-11T10:00:00,parking,Parking Full,Medium,Vacancy > 10%,Vacancy = 7.9%,Parking area near capacity at 10:00
414,CAFE_DELHI_001,Tuesday,2025-11-11T12:00:00,lobby,Queue Too Long,Medium,Max queue length < 8,Max queue = 12,Customer queue exceeded limit at 12:00
415,CAFE_DELHI_001,Tuesday,2025-11-11T12:00:00,parking,Parking Full,Medium,Vacancy > 10%,Vacancy = 2.0%,Parking area near capacity at 12:00
416,CAFE_DELHI_001,Tuesday,2025-11-11T12:00:00,parking,No Space,High,Vacancy > 5%,Vacancy = 2.0%,Parking area completely full at 12:00
417,CAFE_DELHI_001,Tuesday,2025-11-11T13:00:00,parking,No Space,High,Vacancy > 5%,Vacancy = 2.0%,Parking area completely full at 13:00
418,CAFE_DELHI_001,Tuesday,2025-11-11T13:00:00,parking,Parking Full,Medium,Vacancy > 10%,Vacancy = 2.0%,Parking area near capacity at 13:00
419,CAFE_DELHI_001,Tuesday,2025-11-11T13:00:00,lobby,Queue Too Long,Medium,Max queue length < 8,Max queue = 11,Customer queue exceeded limit at 13:00
420,CAFE_DELHI_001,Tuesday,2025-11-11T13:00:00,kitchen,Low Handwash Activity in Peak Hours,Medium,Min 3 handwashes per worker in peak hours,13/7 = 1.9 per worker,Handwash compliance below standard during peak hour (13:00)
421,CAFE_DELHI_001,Tuesday,2025-11-11T14:00:00,parking,Parking Full,Medium,Vacancy > 10%,Vacancy = 2.0%,Parking area near capacity at 14:00
422,CAFE_DELHI_001,Tuesday,2025-11-11T14:00:00,lobby,Queue Too Long,Medium,Max queue length < 8,Max queue = 14,Customer queue exceeded limit at 14:00
423,CAFE_DELHI_001,Tuesday,2025-11-11T14:00:00,parking,No Space,High,Vacancy > 5%,Vacancy = 2.0%,Parking area completely full at 14:00
424,CAFE_DELHI_001,Tuesday,2025-11-11T15:00:00,parking,No Space,High,Vacancy > 5%,Vacancy = 2.0%,Parking area completely full at 15:00
425,CAFE_DELHI_001,Tuesday,2025-11-11T15:00:00,parking,Parking Full,Medium,Vacancy > 10%,Vacancy = 2.0%,Parking area near capacity at 15:00
426,CAFE_DELHI_001,Tuesday,2025-11-11T16:00:00,lobby,Queue Too Long,Medium,Max queue length < 8,Max queue = 15,Customer queue exceeded limit at 16:00
427,CAFE_DELHI_001,Tuesday,2025-11-11T17:00:00,parking,No Space,High,Vacancy > 5%,Vacancy = 3.6%,Parking area completely full at 17:00
428,CAFE_DELHI_001,Tuesday,2025-11-11T17:00:00,parking,Parking Full,Medium,Vacancy > 10%,Vacancy = 3.6%,Parking area near capacity at 17:00
429,CAFE_DELHI_001,Tuesday,2025-11-11T18:00:00,parking,Parking Full,Medium,Vacancy > 10%,Vacancy = 2.0%,Parking area near capacity at 18:00
430,CAFE_DELHI_001,Tuesday,2025-11-11T18:00:00,parking,No Space,High,Vacancy > 5%,Vacancy = 2.0%,Parking area completely full at 18:00
431,CAFE_DELHI_001,Tuesday,2025-11-11T18:00:00,kitchen,Low Handwash Activity in Peak Hours,Medium,Min 3 handwashes per worker in peak hours,6/5 = 1.2 per worker,Handwash compliance below standard during peak hour (18:00)
432,CAFE_DELHI_001,Tuesday,2025-11-11T19:00:00,lobby,Queue Too Long,Medium,Max queue length < 8,Max queue = 14,Customer queue exceeded limit at 19:00
433,CAFE_DELHI_001,Tuesday,2025-11-11T19:00:00,kitchen,Low Handwash Activity in Peak Hours,Medium,Min 3 handwashes per worker in peak hours,15/8 = 1.9 per worker,Handwash compliance below standard during peak hour (19:00)
434,CAFE_DELHI_001,Tuesday,2025-11-11T19:00:00,parking,Parking Full,Medium,Vacancy > 10%,Vacancy = 2.0%,Parking area near capacity at 19:00
435,CAFE_DELHI_001,Tuesday,2025-11-11T19:00:00,parking,No Space,High,Vacancy > 5%,Vacancy = 2.0%,Parking area completely full at 19:00
436,CAFE_DELHI_001,Tuesday,2025-11-11T20:00:00,kitchen,Low Handwash Activity in Peak Hours,Medium,Min 3 handwashes per worker in peak hours,17/8 = 2.1 per worker,Handwash compliance below standard during peak hour (20:00)
437,CAFE_DELHI_001,Tuesday,2025-11-11T20:00:00,parking,No Space,High,Vacancy > 5%,Vacancy = 2.0%,Parking area completely full at 20:00
438,CAFE_DELHI_001,Tuesday,2025-11-11T20:00:00,lobby,Queue Too Long,Medium,Max queue length < 8,Max queue = 11,Customer queue exceeded limit at 20:00
439,CAFE_DELHI_001,Tuesday,2025-11-11T20:00:00,parking,Parking Full,Medium,Vacancy > 10%,Vacancy = 2.0%,Parking area near capacity at 20:00
440,CAFE_DELHI_001,Tuesday,2025-11-11T21:00:00,parking,Parking Full,Medium,Vacancy > 10%,Vacancy = 2.0%,Parking area near capacity at 21:00
441,CAFE_DELHI_001,Tuesday,2025-11-11T21:00:00,lobby,Queue Too Long,Medium,Max queue length < 8,Max queue = 15,Customer queue exceeded limit at 21:00
442,CAFE_DELHI_001,Tuesday,2025-11-11T21:00:00,parking,No Space,High,Vacancy > 5%,Vacancy = 2.0%,Parking area completely full at 21:00
443,CAFE_DELHI_001,Tuesday,2025-11-11T22:00:00,parking,No Space,High,Vacancy > 5%,Vacancy = 2.0%,Parking area completely full at 22:00
444,CAFE_DELHI_001,Tuesday,2025-11-11T22:00:00,parking,Parking Full,Medium,Vacancy > 10%,Vacancy = 2.0%,Parking area near capacity at 22:00
445,CAFE_DELHI_001,Wednesday,2025-11-12T05:00:00,kitchen,Kitchen Movement Off hours (Night),High,No movement 11 PM-5 AM,1 movements,Unauthorized movement detected at 05:00 in night hours
446,CAFE_DELHI_001,Wednesday,2025-11-12T05:00:00,kitchen,Kitchen Movement Off hours (Morning),High,No movement 5-7 AM,1 movements,Unauthorized movement detected at 05:00 in morning hours
447,CAFE_DELHI_001,Wednesday,2025-11-12T06:00:00,kitchen,Kitchen Movement Off hours (Morning),High,No movement 5-7 AM,2 movements,Unauthorized movement detected at 06:00 in morning hours
448,CAFE_DELHI_001,Wednesday,2025-11-12T08:00:00,parking,No Space,High,Vacancy > 5%,Vacancy = 2.0%,Parking area completely full at 08:00
449,CAFE_DELHI_001,Wednesday,2025-11-12T08:00:00,parking,Parking Full,Medium,Vacancy > 10%,Vacancy = 2.0%,Parking area near capacity at 08:00
450,CAFE_DELHI_001,Wednesday,2025-11-12T09:00:00,lobby,Queue Too Long,Medium,Max queue length < 8,Max queue = 12,Customer queue exceeded limit at 09:00
451,CAFE_DELHI_001,Wednesday,2025-11-12T09:00:00,parking,No Space,High,Vacancy > 5%,Vacancy = 2.0%,Parking area completely full at 09:00
452,CAFE_DELHI_001,Wednesday,2025-11-12T09:00:00,parking,Parking Full,Medium,Vacancy > 10%,Vacancy = 2.0%,Parking area near capacity at 09:00
453,CAFE_DELHI_001,Wednesday,2025-11-12T10:00:00,parking,Parking Full,Medium,Vacancy > 10%,Vacancy = 2.0%,Parking area near capacity at 10:00
454,CAFE_DELHI_001,Wednesday,2025-11-12T10:00:00,parking,No Space,High,Vacancy > 5%,Vacancy = 2.0%,Parking area completely full at 10:00
455,CAFE_DELHI_001,Wednesday,2025-11-12T10:00:00,lobby,Queue Too Long,Medium,Max queue length < 8,Max queue = 13,Customer queue exceeded limit at 10:00
456,CAFE_DELHI_001,Wednesday,2025-11-12T12:00:00,lobby,Queue Too Long,Medium,Max queue length < 8,Max queue = 18,Customer queue exceeded limit at 12:00
457,CAFE_DELHI_001,Wednesday,2025-11-12T12:00:00,parking,Parking Full,Medium,Vacancy > 10%,Vacancy = 2.0%,Parking area near capacity at 12:00
458,CAFE_DELHI_001,Wednesday,2025-11-12T12:00:00,parking,No Space,High,Vacancy > 5%,Vacancy = 2.0%,Parking area completely full at 12:00
459,CAFE_DELHI_001,Wednesday,2025-11-12T13:00:00,kitchen,Low Handwash Activity in Peak Hours,Medium,Min 3 handwashes per worker in peak hours,10/7 = 1.4 per worker,Handwash compliance below standard during peak hour (13:00)
460,CAFE_DELHI_001,Wednesday,2025-11-12T13:00:00,parking,Parking Full,Medium,Vacancy > 10%,Vacancy = 2.0%,Parking area near capacity at 13:00
461,CAFE_DELHI_001,Wednesday,2025-11-12T13:00:00,parking,No Space,High,Vacancy > 5%,Vacancy = 2.0%,Parking area completely full at 13:00
462,CAFE_DELHI_001,Wednesday,2025-11-12T13:00:00,lobby,Queue Too Long,Medium,Max queue length < 8,Max queue = 11,Customer queue exceeded limit at 13:00
463,CAFE_DELHI_001,Wednesday,2025-11-12T14:00:00,parking,Parking Full,Medium,Vacancy > 10%,Vacancy = 2.0%,Parking area near capacity at 14:00
464,CAFE_DELHI_001,Wednesday,2025-11-12T14:00:00,parking,No Space,High,Vacancy > 5%,Vacancy = 2.0%,Parking area completely full at 14:00
465,CAFE_DELHI_001,Wednesday,2025-11-12T14:00:00,lobby,Queue Too Long,Medium,Max queue length < 8,Max queue = 18,Customer queue exceeded limit at 14:00
466,CAFE_DELHI_001,Wednesday,2025-11-12T15:00:00,lobby,Queue Too Long,Medium,Max queue length < 8,Max queue = 10,Customer queue exceeded limit at 15:00
467,CAFE_DELHI_001,Wednesday,2025-11-12T15:00:00,parking,No Space,High,Vacancy > 5%,Vacancy = 2.0%,Parking area completely full at 15:00
468,CAFE_DELHI_001,Wednesday,2025-11-12T15:00:00,parking,Parking Full,Medium,Vacancy > 10%,Vacancy = 2.0%,Parking area near capacity at 15:00
469,CAFE_DELHI_001,Wednesday,2025-11-12T16:00:00,parking,No Space,High,Vacancy > 5%,Vacancy = 2.0%,Parking area completely full at 16:00
470,CAFE_DELHI_001,Wednesday,2025-11-12T16:00:00,parking,Parking Full,Medium,Vacancy > 10%,Vacancy = 2.0%,Parking area near capacity at 16:00
471,CAFE_DELHI_001,Wednesday,2025-11-12T17:00:00,parking,No Space,High,Vacancy > 5%,Vacancy = 2.0%,Parking area completely full at 17:00
472,CAFE_DELHI_001,Wednesday,2025-11-12T17:00:00,parking,Parking Full,Medium,Vacancy > 10%,Vacancy = 2.0%,Parking area near capacity at 17:00
473,CAFE_DELHI_001,Wednesday,2025-11-12T18:00:00,parking,Parking Full,Medium,Vacancy > 10%,Vacancy = 3.6%,Parking area near capacity at 18:00
474,CAFE_DELHI_001,Wednesday,2025-11-12T18:00:00,parking,No Space,High,Vacancy > 5%,Vacancy = 3.6%,Parking area completely full at 18:00
475,CAFE_DELHI_001,Wednesday,2025-11-12T18:00:00,kitchen,Low Handwash Activity in Peak Hours,Medium,Min 3 handwashes per worker in peak hours,5/3 = 1.7 per worker,Handwash compliance below standard during peak hour (18:00)
476,CAFE_DELHI_001,Wednesday,2025-11-12T19:00:00,lobby,Queue Too Long,Medium,Max queue length < 8,Max queue = 14,Customer queue exceeded limit at 19:00
477,CAFE_DELHI_001,Wednesday,2025-11-12T19:00:00,parking,No Space,High,Vacancy > 5%,Vacancy = 2.0%,Parking area completely full at 19:00
478,CAFE_DELHI_001,Wednesday,2025-11-12T19:00:00,parking,Parking Full,Medium,Vacancy > 10%,Vacancy = 2.0%,Parking area near capacity at 19:00
479,CAFE_DELHI_001,Wednesday,2025-11-12T20:00:00,kitchen,Low Handwash Activity in Peak Hours,Medium,Min 3 handwashes per worker in peak hours,15/9 = 1.7 per worker,Handwash compliance below standard during peak hour (20:00)
480,CAFE_DELHI_001,Wednesday,2025-11-12T20:00:00,lobby,Queue Too Long,Medium,Max queue length < 8,Max queue = 13,Customer queue exceeded limit at 20:00
481,CAFE_DELHI_001,Wednesday,2025-11-12T20:00:00,parking,No Space,High,Vacancy > 5%,Vacancy = 2.0%,Parking area completely full at 20:00
482,CAFE_DELHI_001,Wednesday,2025-11-12T20:00:00,parking,Parking Full,Medium,Vacancy > 10%,Vacancy = 2.0%,Parking area near capacity at 20:00
483,CAFE_DELHI_001,Wednesday,2025-11-12T21:00:00,lobby,Queue Too Long,Medium,Max queue length < 8,Max queue = 17,Customer queue exceeded limit at 21:00
484,CAFE_DELHI_001,Wednesday,2025-11-12T21:00:00,parking,Parking Full,Medium,Vacancy > 10%,Vacancy = 2.0%,Parking area near capacity at 21:00
485,CAFE_DELHI_001,Wednesday,2025-11-12T21:00:00,parking,No Space,High,Vacancy > 5%,Vacancy = 2.0%,Parking area completely full at 21:00
486,CAFE_DELHI_001,Wednesday,2025-11-12T22:00:00,parking,No Space,High,Vacancy > 5%,Vacancy = 2.0%,Parking area completely full at 22:00
487,CAFE_DELHI_001,Wednesday,2025-11-12T22:00:00,lobby,Queue Too Long,Medium,Max queue length < 8,Max queue = 10,Customer queue exceeded limit at 22:00
488,CAFE_DELHI_001,Wednesday,2025-11-12T22:00:00,parking,Parking Full,Medium,Vacancy > 10%,Vacancy = 2.0%,Parking area near capacity at 22:00
489,CAFE_DELHI_001,Thursday,2025-11-13T00:00:00,lobby,Dining Area Movement in Off Hours (Night),High,No movement 11 PM-5 AM,1 movements,Unauthorized movement in dining area at 00:00 night
490,CAFE_DELHI_001,Thursday,2025-11-13T01:00:00,kitchen,Kitchen Movement Off hours (Night),High,No movement 11 PM-5 AM,1 movements,Unauthorized movement detected at 01:00 in night hours
491,CAFE_DELHI_001,Thursday,2025-11-13T04:00:00,lobby,Dining Area Movement in Off Hours (Night),High,No movement 11 PM-5 AM,2 movements,Unauthorized movement in dining area at 04:00 night
492,CAFE_DELHI_001,Thursday,2025-11-13T04:00:00,kitchen,Kitchen Movement Off hours (Night),High,No movement 11 PM-5 AM,2 movements,Unauthorized movement detected at 04:00 in night hours
493,CAFE_DELHI_001,Thursday,2025-11-13T08:00:00,parking,Parking Full,Medium,Vacancy > 10%,Vacancy = 2.0%,Parking area near capacity at 08:00
494,CAFE_DELHI_001,Thursday,2025-11-13T08:00:00,parking,No Space,High,Vacancy > 5%,Vacancy = 2.0%,Parking area completely full at 08:00
495,CAFE_DELHI_001,Thursday,2025-11-13T09:00:00,parking,No Space,High,Vacancy > 5%,Vacancy = 2.0%,Parking area completely full at 09:00
496,CAFE_DELHI_001,Thursday,2025-11-13T09:00:00,parking,Parking Full,Medium,Vacancy > 10%,Vacancy = 2.0%,Parking area near capacity at 09:00
497,CAFE_DELHI_001,Thursday,2025-11-13T09:00:00,lobby,Queue Too Long,Medium,Max queue length < 8,Max queue = 13,Customer queue exceeded limit at 09:00
498,CAFE_DELHI_001,Thursday,2025-11-13T10:00:00,parking,No Space,High,Vacancy > 5%,Vacancy = 2.0%,Parking area completely full at 10:00
499,CAFE_DELHI_001,Thursday,2025-11-13T10:00:00,parking,Parking Full,Medium,Vacancy > 10%,Vacancy = 2.0%,Parking area near capacity at 10:00
500,CAFE_DELHI_001,Thursday,2025-11-13T12:00:00,parking,No Space,High,Vacancy > 5%,Vacancy = 2.0%,Parking area completely full at 12:00
501,CAFE_DELHI_001,Thursday,2025-11-13T12:00:00,parking,Parking Full,Medium,Vacancy > 10%,Vacancy = 2.0%,Parking area near capacity at 12:00
502,CAFE_DELHI_001,Thursday,2025-11-13T12:00:00,kitchen,Low Handwash Activity in Peak Hours,Medium,Min 3 handwashes per worker in peak hours,8/4 = 2.0 per worker,Handwash compliance below standard during peak hour (12:00)
503,CAFE_DELHI_001,Thursday,2025-11-13T13:00:00,parking,No Space,High,Vacancy > 5%,Vacancy = 2.0%,Parking area completely full at 13:00
504,CAFE_DELHI_001,Thursday,2025-11-13T13:00:00,parking,Parking Full,Medium,Vacancy > 10%,Vacancy = 2.0%,Parking area near capacity at 13:00
505,CAFE_DELHI_001,Thursday,2025-11-13T13:00:00,kitchen,Low Handwash Activity in Peak Hours,Medium,Min 3 handwashes per worker in peak hours,20/10 = 2.0 per worker,Handwash compliance below standard during peak hour (13:00)
506,CAFE_DELHI_001,Thursday,2025-11-13T13:00:00,lobby,Queue Too Long,Medium,Max queue length < 8,Max queue = 15,Customer queue exceeded limit at 13:00
507,CAFE_DELHI_001,Thursday,2025-11-13T14:00:00,parking,Parking Full,Medium,Vacancy > 10%,Vacancy = 2.0%,Parking area near capacity at 14:00
508,CAFE_DELHI_001,Thursday,2025-11-13T14:00:00,parking,No Space,High,Vacancy > 5%,Vacancy = 2.0%,Parking area completely full at 14:00
509,CAFE_DELHI_001,Thursday,2025-11-13T14:00:00,lobby,Queue Too Long,Medium,Max queue length < 8,Max queue = 12,Customer queue exceeded limit at 14:00
510,CAFE_DELHI_001,Thursday,2025-11-13T15:00:00,parking,Parking Full,Medium,Vacancy > 10%,Vacancy = 2.0%,Parking area near capacity at 15:00
511,CAFE_DELHI_001,Thursday,2025-11-13T15:00:00,parking,No Space,High,Vacancy > 5%,Vacancy = 2.0%,Parking area completely full at 15:00
512,CAFE_DELHI_001,Thursday,2025-11-13T17:00:00,parking,Parking Full,Medium,Vacancy > 10%,Vacancy = 5.7%,Parking area near capacity at 17:00
513,CAFE_DELHI_001,Thursday,2025-11-13T18:00:00,kitchen,Low Handwash Activity in Peak Hours,Medium,Min 3 handwashes per worker in peak hours,9/6 = 1.5 per worker,Handwash compliance below standard during peak hour (18:00)
514,CAFE_DELHI_001,Thursday,2025-11-13T18:00:00,parking,Parking Full,Medium,Vacancy > 10%,Vacancy = 2.0%,Parking area near capacity at 18:00
515,CAFE_DELHI_001,Thursday,2025-11-13T18:00:00,parking,No Space,High,Vacancy > 5%,Vacancy = 2.0%,Parking area completely full at 18:00
516,CAFE_DELHI_001,Thursday,2025-11-13T19:00:00,parking,Parking Full,Medium,Vacancy > 10%,Vacancy = 2.0%,Parking area near capacity at 19:00
517,CAFE_DELHI_001,Thursday,2025-11-13T19:00:00,parking,No Space,High,Vacancy > 5%,Vacancy = 2.0%,Parking area completely full at 19:00
518,CAFE_DELHI_001,Thursday,2025-11-13T20:00:00,kitchen,Low Handwash Activity in Peak Hours,Medium,Min 3 handwashes per worker in peak hours,11/7 = 1.6 per worker,Handwash compliance below standard during peak hour (20:00)
519,CAFE_DELHI_001,Thursday,2025-11-13T20:00:00,lobby,Queue Too Long,Medium,Max queue length < 8,Max queue = 14,Customer queue exceeded limit at 20:00
520,CAFE_DELHI_001,Thursday,2025-11-13T20:00:00,parking,No Space,High,Vacancy > 5%,Vacancy = 2.0%,Parking area completely full at 20:00
521,CAFE_DELHI_001,Thursday,2025-11-13T20:00:00,parking,Parking Full,Medium,Vacancy > 10%,Vacancy = 2.0%,Parking area near capacity at 20:00
522,CAFE_DELHI_001,Thursday,2025-11-13T21:00:00,parking,Parking Full,Medium,Vacancy > 10%,Vacancy = 2.0%,Parking area near capacity at 21:00
523,CAFE_DELHI_001,Thursday,2025-11-13T21:00:00,lobby,Queue Too Long,Medium,Max queue length < 8,Max queue = 9,Customer queue exceeded limit at 21:00
524,CAFE_DELHI_001,Thursday,2025-11-13T21:00:00,parking,No Space,High,Vacancy > 5%,Vacancy = 2.0%,Parking area completely full at 21:00
525,CAFE_DELHI_001,Thursday,2025-11-13T22:00:00,parking,No Space,High,Vacancy > 5%,Vacancy = 2.0%,Parking area completely full at 22:00
526,CAFE_DELHI_001,Thursday,2025-11-13T22:00:00,parking,Parking Full,Medium,Vacancy > 10%,Vacancy = 2.0%,Parking area near capacity at 22:00
527,CAFE_DELHI_001,Thursday,2025-11-13T22:00:00,lobby,Queue Too Long,Medium,Max queue length < 8,Max queue = 13,Customer queue exceeded limit at 22:00
528,CAFE_DELHI_001,Friday,2025-11-14T00:00:00,kitchen,Kitchen Movement Off hours (Night),High,No movement 11 PM-5 AM,1 movements,Unauthorized movement detected at 00:00 in night hours
529,CAFE_DELHI_001,Friday,2025-11-14T04:00:00,kitchen,Kitchen Movement Off hours (Night),High,No movement 11 PM-5 AM,1 movements,Unauthorized movement detected at 04:00 in night hours
530,CAFE_DELHI_001,Friday,2025-11-14T05:00:00,kitchen,Kitchen Movement Off hours (Night),High,No movement 11 PM-5 AM,1 movements,Unauthorized movement detected at 05:00 in night hours
531,CAFE_DELHI_001,Friday,2025-11-14T05:00:00,kitchen,Kitchen Movement Off hours (Morning),High,No movement 5-7 AM,1 movements,Unauthorized movement detected at 05:00 in morning hours
532,CAFE_DELHI_001,Friday,2025-11-14T06:00:00,kitchen,Kitchen Movement Off hours (Morning),High,No movement 5-7 AM,2 movements,Unauthorized movement detected at 06:00 in morning hours
533,CAFE_DELHI_001,Friday,2025-11-14T08:00:00,parking,No Space,High,Vacancy > 5%,Vacancy = 2.0%,Parking area completely full at 08:00
534,CAFE_DELHI_001,Friday,2025-11-14T08:00:00,lobby,Queue Too Long,Medium,Max queue length < 8,Max queue = 15,Customer queue exceeded limit at 08:00
535,CAFE_DELHI_001,Friday,2025-11-14T08:00:00,parking,Parking Full,Medium,Vacancy > 10%,Vacancy = 2.0%,Parking area near capacity at 08:00
536,CAFE_DELHI_001,Friday,2025-11-14T09:00:00,parking,Parking Full,Medium,Vacancy > 10%,Vacancy = 6.3%,Parking area near capacity at 09:00
537,CAFE_DELHI_001,Friday,2025-11-14T10:00:00,parking,No Space,High,Vacancy > 5%,Vacancy = 2.0%,Parking area completely full at 10:00
538,CAFE_DELHI_001,Friday,2025-11-14T10:00:00,parking,Parking Full,Medium,Vacancy > 10%,Vacancy = 2.0%,Parking area near capacity at 10:00
539,CAFE_DELHI_001,Friday,2025-11-14T12:00:00,lobby,Queue Too Long,Medium,Max queue length < 8,Max queue = 13,Customer queue exceeded limit at 12:00
540,CAFE_DELHI_001,Friday,2025-11-14T12:00:00,parking,No Space,High,Vacancy > 5%,Vacancy = 2.0%,Parking area completely full at 12:00
541,CAFE_DELHI_001,Friday,2025-11-14T12:00:00,parking,Parking Full,Medium,Vacancy > 10%,Vacancy = 2.0%,Parking area near capacity at 12:00
542,CAFE_DELHI_001,Friday,2025-11-14T13:00:00,parking,No Space,High,Vacancy > 5%,Vacancy = 2.0%,Parking area completely full at 13:00
543,CAFE_DELHI_001,Friday,2025-11-14T13:00:00,parking,Parking Full,Medium,Vacancy > 10%,Vacancy = 2.0%,Parking area near capacity at 13:00
544,CAFE_DELHI_001,Friday,2025-11-14T13:00:00,kitchen,Low Handwash Activity in Peak Hours,Medium,Min 3 handwashes per worker in peak hours,10/9 = 1.1 per worker,Handwash compliance below standard during peak hour (13:00)
545,CAFE_DELHI_001,Friday,2025-11-14T14:00:00,parking,No Space,High,Vacancy > 5%,Vacancy = 2.0%,Parking area completely full at 14:00
546,CAFE_DELHI_001,Friday,2025-11-14T14:00:00,parking,Parking Full,Medium,Vacancy > 10%,Vacancy = 2.0%,Parking area near capacity at 14:00
547,CAFE_DELHI_001,Friday,2025-11-14T15:00:00,parking,No Space,High,Vacancy > 5%,Vacancy = 2.0%,Parking area completely full at 15:00
548,CAFE_DELHI_001,Friday,2025-11-14T15:00:00,parking,Parking Full,Medium,Vacancy > 10%,Vacancy = 2.0%,Parking area near capacity at 15:00
549,CAFE_DELHI_001,Friday,2025-11-14T15:00:00,lobby,Queue Too Long,Medium,Max queue length < 8,Max queue = 19,Customer queue exceeded limit at 15:00
550,CAFE_DELHI_001,Friday,2025-11-14T18:00:00,kitchen,Low Handwash Activity in Peak Hours,Medium,Min 3 handwashes per worker in peak hours,6/3 = 2.0 per worker,Handwash compliance below standard during peak hour (18:00)
551,CAFE_DELHI_001,Friday,2025-11-14T18:00:00,parking,Parking Full,Medium,Vacancy > 10%,Vacancy = 2.8%,Parking area near capacity at 18:00
552,CAFE_DELHI_001,Friday,2025-11-14T18:00:00,parking,No Space,High,Vacancy > 5%,Vacancy = 2.8%,Parking area completely full at 18:00
553,CAFE_DELHI_001,Friday,2025-11-14T18:00:00,lobby,Queue Too Long,Medium,Max queue length < 8,Max queue = 9,Customer queue exceeded limit at 18:00
554,CAFE_DELHI_001,Friday,2025-11-14T19:00:00,parking,Parking Full,Medium,Vacancy > 10%,Vacancy = 2.0%,Parking area near capacity at 19:00
555,CAFE_DELHI_001,Friday,2025-11-14T19:00:00,parking,No Space,High,Vacancy > 5%,Vacancy = 2.0%,Parking area completely full at 19:00
556,CAFE_DELHI_001,Friday,2025-11-14T20:00:00,parking,No Space,High,Vacancy > 5%,Vacancy = 2.0%,Parking area completely full at 20:00
557,CAFE_DELHI_001,Friday,2025-11-14T20:00:00,parking,Parking Full,Medium,Vacancy > 10%,Vacancy = 2.0%,Parking area near capacity at 20:00
558,CAFE_DELHI_001,Friday,2025-11-14T20:00:00,kitchen,Low Handwash Activity in Peak Hours,Medium,Min 3 handwashes per worker in peak hours,6/3 = 2.0 per worker,Handwash compliance below standard during peak hour (20:00)
559,CAFE_DELHI_001,Friday,2025-11-14T21:00:00,parking,Parking Full,Medium,Vacancy > 10%,Vacancy = 2.0%,Parking area near capacity at 21:00
560,CAFE_DELHI_001,Friday,2025-11-14T21:00:00,lobby,Queue Too Long,Medium,Max queue length < 8,Max queue = 14,Customer queue exceeded limit at 21:00
561,CAFE_DELHI_001,Friday,2025-11-14T21:00:00,parking,No Space,High,Vacancy > 5%,Vacancy = 2.0%,Parking area completely full at 21:00
562,CAFE_DELHI_001,Friday,2025-11-14T22:00:00,parking,Parking Full,Medium,Vacancy > 10%,Vacancy = 2.0%,Parking area near capacity at 22:00
563,CAFE_DELHI_001,Friday,2025-11-14T22:00:00,parking,No Space,High,Vacancy > 5%,Vacancy = 2.0%,Parking area completely full at 22:00
564,CAFE_DELHI_001,Saturday,2025-11-15T02:00:00,kitchen,Kitchen Movement Off hours (Night),High,No movement 11 PM-5 AM,1 movements,Unauthorized movement detected at 02:00 in night hours
565,CAFE_DELHI_001,Saturday,2025-11-15T03:00:00,lobby,Dining Area Movement in Off Hours (Night),High,No movement 11 PM-5 AM,1 movements,Unauthorized movement in dining area at 03:00 night
566,CAFE_DELHI_001,Saturday,2025-11-15T06:00:00,kitchen,Kitchen Movement Off hours (Morning),High,No movement 5-7 AM,1 movements,Unauthorized movement detected at 06:00 in morning hours
567,CAFE_DELHI_001,Saturday,2025-11-15T08:00:00,parking,Parking Full,Medium,Vacancy > 10%,Vacancy = 2.0%,Parking area near capacity at 08:00
568,CAFE_DELHI_001,Saturday,2025-11-15T08:00:00,parking,No Space,High,Vacancy > 5%,Vacancy = 2.0%,Parking area completely full at 08:00
569,CAFE_DELHI_001,Saturday,2025-11-15T08:00:00,lobby,Queue Too Long,Medium,Max queue length < 8,Max queue = 11,Customer queue exceeded limit at 08:00
570,CAFE_DELHI_001,Saturday,2025-11-15T09:00:00,parking,No Space,High,Vacancy > 5%,Vacancy = 2.0%,Parking area completely full at 09:00
571,CAFE_DELHI_001,Saturday,2025-11-15T09:00:00,parking,Parking Full,Medium,Vacancy > 10%,Vacancy = 2.0%,Parking area near capacity at 09:00
572,CAFE_DELHI_001,Saturday,2025-11-15T10:00:00,parking,Parking Full,Medium,Vacancy > 10%,Vacancy = 2.0%,Parking area near capacity at 10:00
573,CAFE_DELHI_001,Saturday,2025-11-15T10:00:00,parking,No Space,High,Vacancy > 5%,Vacancy = 2.0%,Parking area completely full at 10:00
574,CAFE_DELHI_001,Saturday,2025-11-15T10:00:00,lobby,Queue Too Long,Medium,Max queue length < 8,Max queue = 10,Customer queue exceeded limit at 10:00
575,CAFE_DELHI_001,Saturday,2025-11-15T12:00:00,parking,No Space,High,Vacancy > 5%,Vacancy = 2.0%,Parking area completely full at 12:00
576,CAFE_DELHI_001,Saturday,2025-11-15T12:00:00,kitchen,Low Handwash Activity in Peak Hours,Medium,Min 3 handwashes per worker in peak hours,7/4 = 1.8 per worker,Handwash compliance below standard during peak hour (12:00)
577,CAFE_DELHI_001,Saturday,2025-11-15T12:00:00,lobby,Queue Too Long,Medium,Max queue length < 8,Max queue = 12,Customer queue exceeded limit at 12:00
578,CAFE_DELHI_001,Saturday,2025-11-15T12:00:00,parking,Parking Full,Medium,Vacancy > 10%,Vacancy = 2.0%,Parking area near capacity at 12:00
579,CAFE_DELHI_001,Saturday,2025-11-15T13:00:00,parking,Parking Full,Medium,Vacancy > 10%,Vacancy = 2.0%,Parking area near capacity at 13:00
580,CAFE_DELHI_001,Saturday,2025-11-15T13:00:00,lobby,Queue Too Long,Medium,Max queue length < 8,Max queue = 12,Customer queue exceeded limit at 13:00
581,CAFE_DELHI_001,Saturday,2025-11-15T13:00:00,parking,No Space,High,Vacancy > 5%,Vacancy = 2.0%,Parking area completely full at 13:00
582,CAFE_DELHI_001,Saturday,2025-11-15T13:00:00,kitchen,Low Handwash Activity in Peak Hours,Medium,Min 3 handwashes per worker in peak hours,9/4 = 2.2 per worker,Handwash compliance below standard during peak hour (13:00)
583,CAFE_DELHI_001,Saturday,2025-11-15T14:00:00,parking,Parking Full,Medium,Vacancy > 10%,Vacancy = 2.0%,Parking area near capacity at 14:00
584,CAFE_DELHI_001,Saturday,2025-11-15T14:00:00,lobby,Queue Too Long,Medium,Max queue length < 8,Max queue = 16,Customer queue exceeded limit at 14:00
585,CAFE_DELHI_001,Saturday,2025-11-15T14:00:00,parking,No Space,High,Vacancy > 5%,Vacancy = 2.0%,Parking area completely full at 14:00
586,CAFE_DELHI_001,Saturday,2025-11-15T15:00:00,parking,Parking Full,Medium,Vacancy > 10%,Vacancy = 2.0%,Parking area near capacity at 15:00
587,CAFE_DELHI_001,Saturday,2025-11-15T15:00:00,parking,No Space,High,Vacancy > 5%,Vacancy = 2.0%,Parking area completely full at 15:00
588,CAFE_DELHI_001,Saturday,2025-11-15T15:00:00,lobby,Queue Too Long,Medium,Max queue length < 8,Max queue = 16,Customer queue exceeded limit at 15:00
589,CAFE_DELHI_001,Saturday,2025-11-15T16:00:00,lobby,Queue Too Long,Medium,Max queue length < 8,Max queue = 11,Customer queue exceeded limit at 16:00
590,CAFE_DELHI_001,Saturday,2025-11-15T16:00:00,parking,Parking Full,Medium,Vacancy > 10%,Vacancy = 2.0%,Parking area near capacity at 16:00
591,CAFE_DELHI_001,Saturday,2025-11-15T16:00:00,parking,No Space,High,Vacancy > 5%,Vacancy = 2.0%,Parking area completely full at 16:00
592,CAFE_DELHI_001,Saturday,2025-11-15T17:00:00,parking,No Space,High,Vacancy > 5%,Vacancy = 2.0%,Parking area completely full at 17:00
593,CAFE_DELHI_001,Saturday,2025-11-15T17:00:00,parking,Parking Full,Medium,Vacancy > 10%,Vacancy = 2.0%,Parking area near capacity at 17:00
594,CAFE_DELHI_001,Saturday,2025-11-15T18:00:00,kitchen,Low Handwash Activity in Peak Hours,Medium,Min 3 handwashes per worker in peak hours,5/3 = 1.7 per worker,Handwash compliance below standard during peak hour (18:00)
595,CAFE_DELHI_001,Saturday,2025-11-15T18:00:00,parking,No Space,High,Vacancy > 5%,Vacancy = 2.0%,Parking area completely full at 18:00
596,CAFE_DELHI_001,Saturday,2025-11-15T18:00:00,parking,Parking Full,Medium,Vacancy > 10%,Vacancy = 2.0%,Parking area near capacity at 18:00
597,CAFE_DELHI_001,Saturday,2025-11-15T19:00:00,parking,Parking Full,Medium,Vacancy > 10%,Vacancy = 2.0%,Parking area near capacity at 19:00
598,CAFE_DELHI_001,Saturday,2025-11-15T19:00:00,kitchen,Low Handwash Activity in Peak Hours,Medium,Min 3 handwashes per worker in peak hours,11/6 = 1.8 per worker,Handwash compliance below standard during peak hour (19:00)
599,CAFE_DELHI_001,Saturday,2025-11-15T19:00:00,parking,No Space,High,Vacancy > 5%,Vacancy = 2.0%,Parking area completely full at 19:00
600,CAFE_DELHI_001,Saturday,2025-11-15T19:00:00,lobby,Queue Too Long,Medium,Max queue length < 8,Max queue = 12,Customer queue exceeded limit at 19:00
601,CAFE_DELHI_001,Saturday,2025-11-15T20:00:00,lobby,Queue Too Long,Medium,Max queue length < 8,Max queue = 14,Customer queue exceeded limit at 20:00
602,CAFE_DELHI_001,Saturday,2025-11-15T20:00:00,kitchen,Low Handwash Activity in Peak Hours,Medium,Min 3 handwashes per worker in peak hours,17/7 = 2.4 per worker,Handwash compliance below standard during peak hour (20:00)
603,CAFE_DELHI_001,Saturday,2025-11-15T20:00:00,parking,No Space,High,Vacancy > 5%,Vacancy = 2.0%,Parking area completely full at 20:00
604,CAFE_DELHI_001,Saturday,2025-11-15T20:00:00,parking,Parking Full,Medium,Vacancy > 10%,Vacancy = 2.0%,Parking area near capacity at 20:00
605,CAFE_DELHI_001,Saturday,2025-11-15T21:00:00,parking,Parking Full,Medium,Vacancy > 10%,Vacancy = 2.0%,Parking area near capacity at 21:00
606,CAFE_DELHI_001,Saturday,2025-11-15T21:00:00,lobby,Queue Too Long,Medium,Max queue length < 8,Max queue = 9,Customer queue exceeded limit at 21:00
607,CAFE_DELHI_001,Saturday,2025-11-15T21:00:00,parking,No Space,High,Vacancy > 5%,Vacancy = 2.0%,Parking area completely full at 21:00
608,CAFE_DELHI_001,Saturday,2025-11-15T22:00:00,parking,Parking Full,Medium,Vacancy > 10%,Vacancy = 2.0%,Parking area near capacity at 22:00
609,CAFE_DELHI_001,Saturday,2025-11-15T22:00:00,parking,No Space,High,Vacancy > 5%,Vacancy = 2.0%,Parking area completely full at 22:00
